Date,Close,Open,High,Low,Volue_K,Volume
2017-01-01,995.40,963.40,1001.60,956.10,41.15,41150.00
2017-01-02,1017.00,995.40,1031.70,990.20,64.95,64950.00
2017-01-03,1033.30,1017.00,1035.50,1006.50,54.79,54790.00
2017-01-04,1135.40,1033.30,1148.50,1022.30,156.27,156270.00
2017-01-05,989.30,1135.40,1150.60,874.50,240.01,240010.00
2017-01-06,886.20,989.30,1027.40,852.50,194.29,194290.00
2017-01-07,888.90,886.20,900.90,806.70,130.66,130660.00
2017-01-08,900.90,888.90,936.10,875.80,76.91,76910.00
2017-01-09,899.80,900.90,910.50,870.90,62.58,62580.00
2017-01-10,904.40,899.80,911.30,890.10,53.71,53710.00
2017-01-11,785.40,904.40,917.70,751.60,194.44,194440.00
2017-01-12,810.10,785.40,828.20,739.50,120.24,120240.00
2017-01-13,824.80,810.10,835.00,771.00,89.86,89860.00
2017-01-14,819.60,824.80,838.90,808.30,44.21,44210.00
2017-01-15,821.20,819.60,826.40,808.60,24.40,24400.00
2017-01-16,827.30,821.20,836.70,817.70,33.22,33220.00
2017-01-17,899.70,827.30,906.40,825.00,82.21,82210.00
2017-01-18,872.00,899.70,913.70,845.90,69.26,69260.00
2017-01-19,895.20,872.00,905.30,870.70,58.44,58440.00
2017-01-20,892.90,895.20,901.50,878.90,38.87,38870.00
2017-01-21,919.80,892.90,928.90,889.50,40.38,40380.00
2017-01-22,918.80,919.80,938.40,888.60,47.93,47930.00
2017-01-23,921.50,918.80,928.00,910.80,32.74,32740.00
2017-01-24,893.80,921.50,925.60,889.20,58.87,58870.00
2017-01-25,894.40,893.80,905.70,883.60,37.90,37900.00
2017-01-26,915.60,894.40,919.30,893.50,33.80,33800.00
2017-01-27,918.00,915.60,922.60,907.90,30.97,30970.00
2017-01-28,918.50,918.00,921.90,912.80,14.31,14310.00
2017-01-29,914.50,918.50,922.40,912.70,11.05,11050.00
2017-01-30,920.70,914.50,922.30,911.50,19.06,19060.00
2017-01-31,965.50,920.70,967.50,917.40,54.67,54670.00
2017-02-01,982.40,965.50,986.60,959.80,45.22,45220.00
2017-02-02,1004.00,982.40,1009.10,973.50,50.86,50860.00
2017-02-03,1013.00,1004.00,1023.70,989.20,61.67,61670.00
2017-02-04,1031.80,1013.00,1041.00,1000.40,39.46,39460.00
2017-02-05,1016.10,1031.80,1033.70,1004.00,31.06,31060.00
2017-02-06,1024.70,1016.10,1030.60,1010.80,32.02,32020.00
2017-02-07,1049.60,1024.70,1054.10,1019.90,39.55,39550.00
2017-02-08,1055.50,1049.60,1069.20,1020.30,65.15,65150.00
2017-02-09,979.00,1055.50,1073.00,924.70,146.75,146750.00
2017-02-10,997.60,979.00,1005.60,947.00,62.13,62130.00
2017-02-11,1008.30,997.60,1014.30,983.90,28.32,28320.00
2017-02-12,996.50,1008.30,1007.80,992.50,14.75,14750.00
2017-02-13,995.40,996.50,1007.60,975.10,32.91,32910.00
2017-02-14,1008.30,995.40,1013.80,986.50,39.54,39540.00
2017-02-15,1008.20,1008.30,1010.90,999.70,23.36,23360.00
2017-02-16,1031.90,1008.20,1040.30,1007.40,38.08,38080.00
2017-02-17,1049.40,1031.90,1057.40,1025.90,45.71,45710.00
2017-02-18,1052.30,1049.40,1063.20,1044.70,25.36,25360.00
2017-02-19,1048.90,1052.30,1056.50,1037.70,17.95,17950.00
2017-02-20,1077.60,1048.90,1081.80,1041.00,31.01,31010.00
2017-02-21,1119.00,1077.60,1123.00,1073.50,57.05,57050.00
2017-02-22,1120.50,1119.00,1132.30,1094.80,47.91,47910.00
2017-02-23,1171.90,1120.50,1181.60,1113.50,65.74,65740.00
2017-02-24,1176.50,1171.90,1211.70,1092.40,108.17,108170.00
2017-02-25,1149.10,1176.50,1180.00,1116.20,45.86,45860.00
2017-02-26,1171.60,1149.10,1177.50,1130.60,30.77,30770.00
2017-02-27,1188.80,1171.60,1195.80,1164.30,35.47,35470.00
2017-02-28,1189.30,1188.80,1208.20,1175.80,50.58,50580.00
2017-03-01,1222.70,1189.30,1225.00,1154.60,51.15,51150.00
2017-03-02,1255.50,1222.70,1287.00,1212.00,78.49,78490.00
2017-03-03,1283.30,1255.50,1291.30,1250.80,67.28,67280.00
2017-03-04,1264.30,1283.30,1285.80,1228.70,38.42,38420.00
2017-03-05,1271.20,1264.30,1273.30,1242.10,25.43,25430.00
2017-03-06,1277.00,1271.20,1280.60,1261.00,31.03,31030.00
2017-03-07,1232.70,1277.00,1280.90,1148.70,87.72,87720.00
2017-03-08,1147.00,1232.70,1242.00,1136.90,97.88,97880.00
2017-03-09,1191.30,1147.00,1207.00,1129.30,59.86,59860.00
2017-03-10,1112.40,1191.30,1330.40,988.70,190.47,190470.00
2017-03-11,1179.20,1112.40,1202.70,1104.80,70.75,70750.00
2017-03-12,1225.10,1179.20,1235.50,1160.90,44.41,44410.00
2017-03-13,1238.20,1225.10,1245.60,1205.60,60.46,60460.00
2017-03-14,1243.10,1238.20,1255.50,1218.40,45.14,45140.00
2017-03-15,1253.40,1243.10,1256.90,1236.40,43.59,43590.00
2017-03-16,1172.90,1253.40,1260.20,1119.00,132.77,132770.00
2017-03-17,1071.70,1172.90,1174.90,1063.50,163.74,163740.00
2017-03-18,971.40,1071.70,1103.60,940.20,210.42,210420.00
2017-03-19,1022.60,971.40,1063.70,967.30,106.45,106450.00
2017-03-20,1047.50,1022.60,1057.50,1005.00,61.43,61430.00
2017-03-21,1121.30,1047.50,1125.50,1043.90,92.59,92590.00
2017-03-22,1044.70,1121.30,1121.90,997.80,115.29,115290.00
2017-03-23,1035.00,1044.70,1062.80,1022.00,56.52,56520.00
2017-03-24,939.70,1035.00,1038.40,927.30,132.60,132600.00
2017-03-25,966.30,939.70,996.00,890.40,127.05,127050.00
2017-03-26,969.40,966.30,1004.30,946.70,85.33,85330.00
2017-03-27,1045.10,969.40,1048.80,961.80,91.26,91260.00
2017-03-28,1044.40,1045.10,1068.40,1015.50,80.00,80000.00
2017-03-29,1041.90,1044.40,1058.70,1008.30,68.85,68850.00
2017-03-30,1037.90,1041.90,1052.70,1020.90,74.99,74990.00
2017-03-31,1079.10,1037.90,1088.20,1035.20,90.99,90990.00
2017-04-01,1086.10,1079.10,1103.70,1067.50,50.66,50660.00
2017-04-02,1097.40,1086.10,1109.50,1074.20,70.98,70980.00
2017-04-03,1147.60,1097.40,1157.90,1095.60,98.50,98500.00
2017-04-04,1141.80,1147.60,1161.20,1122.20,71.00,71000.00
2017-04-05,1129.90,1141.80,1143.80,1110.10,69.47,69470.00
2017-04-06,1188.70,1129.90,1201.60,1130.50,92.36,92360.00
2017-04-07,1190.50,1188.70,1201.20,1173.20,59.75,59750.00
2017-04-08,1180.80,1190.50,1198.20,1166.70,33.18,33180.00
2017-04-09,1204.30,1180.80,1215.10,1174.00,45.35,45350.00
2017-04-10,1206.70,1204.30,1214.90,1194.80,40.01,40010.00
2017-04-11,1220.70,1206.70,1229.60,1195.80,37.40,37400.00
2017-04-12,1212.50,1220.70,1225.50,1207.40,44.78,44780.00
2017-04-13,1176.20,1212.50,1218.70,1150.30,66.05,66050.00
2017-04-14,1177.30,1176.20,1195.40,1162.20,47.22,47220.00
2017-04-15,1177.00,1177.30,1194.80,841.50,28.39,28390.00
2017-04-16,1176.80,1177.00,1188.00,1166.70,18.93,18930.00
2017-04-17,1194.00,1176.80,1203.00,1172.80,46.48,46480.00
2017-04-18,1206.10,1194.00,1213.90,1191.10,52.75,52750.00
2017-04-19,1215.20,1206.10,1218.20,1194.10,43.35,43350.00
2017-04-20,1238.10,1215.20,1246.60,1210.70,55.20,55200.00
2017-04-21,1249.60,1238.10,1257.00,1235.60,41.34,41340.00
2017-04-22,1240.90,1249.60,1257.00,1215.80,43.82,43820.00
2017-04-23,1249.10,1240.90,1256.20,1223.10,42.61,42610.00
2017-04-24,1248.20,1249.10,1256.40,1234.90,38.54,38540.00
2017-04-25,1264.30,1248.20,1272.60,1244.20,43.89,43890.00
2017-04-26,1286.60,1264.30,1309.20,1263.00,58.91,58910.00
2017-04-27,1332.90,1286.60,1346.80,1285.30,61.77,61770.00
2017-04-28,1329.60,1332.90,1356.20,1287.60,77.57,77570.00
2017-04-29,1336.30,1329.60,1343.70,1314.20,40.97,40970.00
2017-04-30,1351.90,1336.30,1358.90,1309.70,40.64,40640.00
2017-05-01,1415.80,1351.90,1448.70,1342.80,100.44,100440.00
2017-05-02,1445.90,1415.80,1471.10,1394.80,70.01,70010.00
2017-05-03,1485.60,1445.90,1496.40,1424.10,81.72,81720.00
2017-05-04,1516.80,1485.60,1609.80,1437.10,136.71,136710.00
2017-05-05,1507.80,1516.80,1588.10,1485.00,120.38,120380.00
2017-05-06,1545.30,1507.80,1560.40,1503.90,59.60,59600.00
2017-05-07,1554.40,1545.30,1572.90,1495.20,71.36,71360.00
2017-05-08,1664.50,1554.40,1667.70,1552.90,107.23,107230.00
2017-05-09,1697.50,1664.50,1757.40,1620.00,127.23,127230.00
2017-05-10,1752.30,1697.50,1766.20,1665.00,89.68,89680.00
2017-05-11,1819.30,1752.30,1864.80,1741.50,109.01,109010.00
2017-05-12,1686.40,1819.30,1822.50,1641.20,109.34,109340.00
2017-05-13,1763.70,1686.40,1770.50,1594.60,75.47,75470.00
2017-05-14,1772.60,1763.70,1802.80,1736.10,40.64,40640.00
2017-05-15,1708.90,1772.60,1776.70,1656.80,80.24,80240.00
2017-05-16,1729.30,1708.90,1752.60,1653.70,75.54,75540.00
2017-05-17,1801.30,1729.30,1842.80,1704.00,94.62,94620.00
2017-05-18,1881.00,1801.30,1980.50,1791.10,73.10,73100.00
2017-05-19,1962.00,1881.00,1969.70,1875.30,98.76,98760.00
2017-05-20,2040.20,1962.00,2048.40,1944.40,89.86,89860.00
2017-05-21,2044.20,2040.20,2094.90,1980.10,78.78,78780.00
2017-05-22,2124.40,2044.20,2264.80,1998.60,174.38,174380.00
2017-05-23,2272.60,2124.40,2286.30,2110.80,114.18,114180.00
2017-05-24,2445.30,2272.60,2497.00,2263.30,149.26,149260.00
2017-05-25,2307.20,2445.30,2781.80,2210.50,248.44,248440.00
2017-05-26,2244.90,2307.00,2616.50,2051.40,191.49,191490.00
2017-05-27,2052.40,2244.90,2322.40,1868.60,222.95,222950.00
2017-05-28,2189.00,2052.40,2300.50,2051.10,125.00,125000.00
2017-05-29,2278.20,2189.00,2337.40,2117.30,92.24,92240.00
2017-05-30,2192.60,2278.20,2329.30,2147.10,120.96,120960.00
2017-05-31,2303.30,2192.60,2330.60,2168.40,117.75,117750.00
2017-06-01,2412.60,2303.30,2460.80,2303.30,122.70,122700.00
2017-06-02,2492.60,2412.60,2494.00,2385.60,83.03,83030.00
2017-06-03,2545.40,2492.60,2582.80,2449.90,70.96,70960.00
2017-06-04,2524.10,2545.40,2559.80,2478.20,59.48,59480.00
2017-06-05,2705.00,2524.10,2705.40,2523.90,86.69,86690.00
2017-06-06,2870.50,2705.00,2931.20,2699.70,192.23,192230.00
2017-06-07,2691.50,2870.50,2880.90,2626.60,122.68,122680.00
2017-06-08,2798.80,2691.50,2808.40,2623.60,95.42,95420.00
2017-06-09,2811.40,2798.80,2852.10,2786.10,67.05,67050.00
2017-06-10,2900.30,2811.40,2914.20,2807.40,86.52,86520.00
2017-06-11,2973.40,2900.30,2977.90,2867.30,83.03,83030.00
2017-06-12,2656.80,2973.40,2985.10,2483.60,217.96,217960.00
2017-06-13,2713.00,2656.80,2784.80,2647.40,116.74,116740.00
2017-06-14,2467.30,2713.00,2803.70,2349.00,174.19,174190.00
2017-06-15,2442.50,2467.30,2521.60,2125.60,262.79,262790.00
2017-06-16,2508.60,2442.50,2536.40,2335.30,117.21,117210.00
2017-06-17,2655.10,2508.60,2690.70,2454.80,95.95,95950.00
2017-06-18,2539.60,2655.10,2676.00,2488.60,92.00,92000.00
2017-06-19,2616.80,2539.60,2617.80,2518.80,81.83,81830.00
2017-06-20,2754.40,2616.80,2800.50,2614.00,111.30,111300.00
2017-06-21,2677.60,2754.40,2804.40,2624.40,116.03,116030.00
2017-06-22,2722.80,2677.60,2757.30,2623.20,78.30,78300.00
2017-06-23,2710.40,2722.80,2759.70,2699.50,56.94,56940.00
2017-06-24,2590.10,2710.40,2741.60,2540.40,86.96,86960.00
2017-06-25,2541.60,2590.10,2660.70,2472.40,86.97,86970.00
2017-06-26,2446.10,2541.60,2584.80,2327.30,165.83,165830.00
2017-06-27,2583.80,2446.10,2585.10,2309.60,159.26,159260.00
2017-06-28,2577.70,2583.80,2616.90,2490.10,110.42,110420.00
2017-06-29,2558.40,2577.70,2605.90,2526.50,75.32,75320.00
2017-06-30,2480.60,2558.40,2576.30,2469.50,73.00,73000.00
2017-07-01,2424.60,2480.60,2529.60,2387.50,66.32,66320.00
2017-07-02,2536.50,2424.60,2555.30,2375.90,67.76,67760.00
2017-07-03,2572.50,2536.50,2617.50,2506.30,83.42,83420.00
2017-07-04,2617.30,2572.50,2658.70,2570.00,80.68,80680.00
2017-07-05,2627.90,2617.30,2642.70,2562.00,89.72,89720.00
2017-07-06,2614.20,2627.90,2634.80,2581.80,60.16,60160.00
2017-07-07,2513.90,2614.20,2617.50,2484.70,90.45,90450.00
2017-07-08,2564.90,2513.90,2568.70,2480.60,54.51,54510.00
2017-07-09,2511.40,2564.90,2576.70,2509.60,39.16,39160.00
2017-07-10,2344.00,2511.40,2530.30,2271.80,123.80,123800.00
2017-07-11,2324.30,2344.00,2412.80,2265.50,146.63,146630.00
2017-07-12,2403.10,2324.30,2424.80,2262.10,109.52,109520.00
2017-07-13,2362.40,2403.10,2436.70,2335.00,88.17,88170.00
2017-07-14,2234.20,2362.40,2370.50,2165.40,114.41,114410.00
2017-07-15,1975.10,2234.20,2237.10,1974.00,155.32,155320.00
2017-07-16,1914.10,1975.10,2044.40,1809.00,189.64,189640.00
2017-07-17,2233.40,1914.10,2233.80,1913.80,176.89,176890.00
2017-07-18,2320.20,2233.40,2400.70,2164.60,202.62,202620.00
2017-07-19,2282.60,2320.20,2412.40,2243.10,154.32,154320.00
2017-07-20,2866.00,2282.60,2932.80,2282.10,310.34,310340.00
2017-07-21,2675.10,2866.00,2874.00,2622.50,193.76,193760.00
2017-07-22,2836.50,2675.10,2876.70,2658.60,121.92,121920.00
2017-07-23,2756.60,2836.50,2856.70,2675.60,108.23,108230.00
2017-07-24,2763.40,2756.60,2798.90,2715.70,83.01,83010.00
2017-07-25,2582.60,2763.40,2779.10,2472.60,205.88,205880.00
2017-07-26,2559.20,2582.60,2631.70,2441.50,135.50,135500.00
2017-07-27,2691.90,2559.20,2712.90,2547.70,103.83,103830.00
2017-07-28,2806.80,2691.90,2843.80,2683.60,138.91,138910.00
2017-07-29,2733.50,2806.80,2812.10,2699.40,84.49,84490.00
2017-07-30,2766.50,2733.50,2773.10,2621.70,82.72,82720.00
2017-07-31,2883.30,2766.50,2916.30,2723.10,91.12,91120.00
2017-08-01,2747.00,2883.30,2946.00,2659.60,123.17,123170.00
2017-08-02,2720.50,2747.00,2773.80,2668.90,81.82,81820.00
2017-08-03,2810.00,2720.50,2822.90,2717.60,68.10,68100.00
2017-08-04,2878.50,2810.00,2892.70,2779.50,68.76,68760.00
2017-08-05,3262.80,2878.50,3344.00,2875.90,159.40,159400.00
2017-08-06,3232.00,3262.80,3295.10,3166.50,60.66,60660.00
2017-08-07,3401.90,3232.00,3425.10,3198.50,88.11,88110.00
2017-08-08,3429.40,3401.90,3494.90,3357.10,106.94,106940.00
2017-08-09,3348.80,3429.40,3437.10,3251.00,97.06,97060.00
2017-08-10,3425.70,3348.80,3453.80,3322.90,71.00,71000.00
2017-08-11,3654.40,3425.70,3706.50,3409.80,97.56,97560.00
2017-08-12,3871.60,3654.40,3967.30,3611.40,123.59,123590.00
2017-08-13,4062.60,3871.60,4189.40,3847.30,158.59,158590.00
2017-08-14,4327.90,4062.60,4336.70,3978.90,128.46,128460.00
2017-08-15,4161.70,4327.90,4436.50,3837.10,211.58,211580.00
2017-08-16,4387.40,4161.70,4398.10,3938.60,112.90,112900.00
2017-08-17,4278.90,4387.40,4487.50,4194.10,127.48,127480.00
2017-08-18,4105.40,4278.90,4362.70,3978.30,144.40,144400.00
2017-08-19,4150.50,4105.40,4189.70,3957.50,113.72,113720.00
2017-08-20,4066.60,4150.50,4182.30,4034.40,70.16,70160.00
2017-08-21,4005.10,4066.60,4097.30,3966.90,90.65,90650.00
2017-08-22,4089.70,4005.10,4142.70,3612.20,169.14,169140.00
2017-08-23,4141.10,4089.70,4255.60,4070.50,96.65,96650.00
2017-08-24,4318.40,4141.10,4364.10,4111.70,72.36,72360.00
2017-08-25,4364.40,4318.40,4461.70,4292.60,82.90,82900.00
2017-08-26,4352.30,4364.40,4379.30,4263.30,46.16,46160.00
2017-08-27,4345.80,4352.30,4408.20,4321.10,42.52,42520.00
2017-08-28,4390.30,4345.80,4403.10,4195.20,75.49,75490.00
2017-08-29,4597.30,4390.30,4647.80,4350.20,100.80,100800.00
2017-08-30,4583.00,4597.30,4644.10,4491.80,68.47,68470.00
2017-08-31,4735.10,4583.00,4765.10,4580.10,72.29,72290.00
2017-09-01,4921.90,4735.10,4925.20,4690.20,102.01,102010.00
2017-09-02,4573.80,4921.90,4976.50,4448.60,160.77,160770.00
2017-09-03,4612.90,4573.80,4719.80,4397.70,102.82,102820.00
2017-09-04,4267.50,4612.90,4621.00,4098.60,170.40,170400.00
2017-09-05,4409.10,4267.50,4496.70,4004.60,158.41,158410.00
2017-09-06,4618.70,4409.10,4660.00,4401.50,110.93,110930.00
2017-09-07,4635.60,4618.70,4690.50,4493.20,70.53,70530.00
2017-09-08,4326.50,4635.60,4699.60,4130.90,180.36,180360.00
2017-09-09,4335.10,4326.50,4402.10,4185.30,77.09,77090.00
2017-09-10,4245.90,4335.10,4338.10,4032.10,108.08,108080.00
2017-09-11,4217.90,4245.90,4364.40,4134.60,88.76,88760.00
2017-09-12,4158.90,4217.90,4387.80,4075.00,107.04,107040.00
2017-09-13,3870.30,4158.90,4174.60,3752.00,186.54,186540.00
2017-09-14,3243.10,3870.30,3930.70,3219.00,317.59,317590.00
2017-09-15,3713.80,3243.10,3824.40,2979.90,448.55,448550.00
2017-09-16,3698.90,3713.80,3893.70,3551.80,169.36,169360.00
2017-09-17,3689.60,3698.90,3796.60,3485.80,96.07,96070.00
2017-09-18,4100.30,3689.60,4122.80,3689.00,147.93,147930.00
2017-09-19,3908.00,4100.30,4120.70,3852.20,123.22,123220.00
2017-09-20,3882.20,3908.00,4053.00,3846.80,86.65,86650.00
2017-09-21,3617.30,3882.20,3912.80,3576.50,145.13,145130.00
2017-09-22,3600.80,3617.30,3753.50,3505.80,114.72,114720.00
2017-09-23,3788.00,3600.80,3813.40,3563.20,67.82,67820.00
2017-09-24,3667.50,3788.00,3790.90,3633.90,49.66,49660.00
2017-09-25,3932.80,3667.50,3971.50,3665.70,100.20,100200.00
2017-09-26,3892.70,3932.80,3982.30,3858.80,63.25,63250.00
2017-09-27,4212.20,3892.70,4232.40,3882.10,117.60,117600.00
2017-09-28,4195.60,4212.20,4274.60,4112.90,92.23,92230.00
2017-09-29,4172.80,4195.60,4237.50,4030.40,97.80,97800.00
2017-09-30,4360.60,4172.80,4383.30,4164.30,67.49,67490.00
2017-10-01,4403.10,4360.60,4412.60,4258.30,60.58,60580.00
2017-10-02,4401.30,4403.10,4477.40,4364.70,71.20,71200.00
2017-10-03,4314.20,4401.30,4436.00,4230.70,81.87,81870.00
2017-10-04,4218.70,4314.20,4355.30,4183.60,64.08,64080.00
2017-10-05,4321.40,4218.70,4365.80,4143.40,63.61,63610.00
2017-10-06,4371.90,4321.40,4422.10,4296.90,61.69,61690.00
2017-10-07,4435.80,4371.90,4472.90,4319.50,40.20,40200.00
2017-10-08,4611.70,4435.80,4622.90,4419.40,71.37,71370.00
2017-10-09,4777.50,4611.70,4875.40,4556.10,110.19,110190.00
2017-10-10,4763.40,4777.50,4930.00,4722.80,98.49,98490.00
2017-10-11,4824.20,4763.40,4874.90,4718.60,70.48,70480.00
2017-10-12,5432.60,4824.20,5432.60,4815.00,163.92,163920.00
2017-10-13,5637.30,5432.60,5852.80,5392.00,215.02,215020.00
2017-10-14,5824.70,5637.30,5839.60,5568.90,76.22,76220.00
2017-10-15,5688.10,5824.70,5862.70,5448.20,101.64,101640.00
2017-10-16,5759.30,5677.40,5795.30,5576.10,61.36,61360.00
2017-10-17,5598.60,5759.30,5773.30,5521.10,65.64,65640.00
2017-10-18,5575.80,5598.60,5601.30,5114.90,122.02,122020.00
2017-10-19,5698.60,5576.70,5737.40,5517.60,83.06,83060.00
2017-10-20,5993.10,5698.60,6075.30,5611.40,123.86,123860.00
2017-10-21,6006.60,5993.10,6187.20,5874.50,112.94,112940.00
2017-10-22,5982.90,6006.60,6070.60,5723.00,105.03,105030.00
2017-10-23,5903.60,5982.90,6049.00,5644.20,137.14,137140.00
2017-10-24,5513.10,5903.60,5904.60,5463.40,143.74,143740.00
2017-10-25,5734.00,5513.10,5748.00,5375.60,105.84,105840.00
2017-10-26,5887.60,5734.00,5970.40,5689.90,93.68,93680.00
2017-10-27,5764.60,5887.60,5997.80,5692.30,83.93,83930.00
2017-10-28,5726.60,5764.60,5871.00,5654.80,53.23,53230.00
2017-10-29,6147.50,5726.60,6295.40,5679.40,163.06,163060.00
2017-10-30,6124.30,6147.70,6226.20,6019.00,78.62,78620.00
2017-10-31,6451.20,6124.30,6467.20,6090.80,101.25,101250.00
2017-11-01,6737.80,6449.10,6738.70,6355.00,133.19,133190.00
2017-11-02,7024.80,6737.80,7339.90,6737.80,238.80,238800.00
2017-11-03,7152.10,7024.80,7445.60,6938.90,154.89,154890.00
2017-11-04,7363.80,7147.00,7492.20,6957.80,106.60,106600.00
2017-11-05,7389.50,7363.80,7599.40,7284.30,105.73,105730.00
2017-11-06,6959.20,7389.50,7429.70,6934.70,159.69,159690.00
2017-11-07,7102.80,6959.30,7222.40,6957.80,101.05,101050.00
2017-11-08,7444.40,7102.20,7869.10,7027.00,220.22,220220.00
2017-11-09,7129.60,7444.40,7457.10,7040.80,126.77,126770.00
2017-11-10,6565.80,7129.60,7319.00,6406.00,222.00,222000.00
2017-11-11,6339.90,6565.80,6821.50,6197.90,135.72,135720.00
2017-11-12,5878.10,6339.90,6490.50,5493.60,269.83,269830.00
2017-11-13,6522.50,5878.10,6760.10,5828.30,178.34,178340.00
2017-11-14,6597.10,6522.50,6728.60,6419.20,96.50,96500.00
2017-11-15,7283.20,6597.10,7330.10,6596.90,131.12,131120.00
2017-11-16,7853.70,7283.00,7964.60,7119.20,133.94,133940.00
2017-11-17,7700.00,7853.70,8000.20,7534.70,117.35,117350.00
2017-11-18,7780.90,7700.00,7857.50,7458.90,74.38,74380.00
2017-11-19,8042.60,7781.00,8100.90,7675.40,68.62,68620.00
2017-11-20,8244.70,8042.60,8294.10,7947.30,75.70,75700.00
2017-11-21,8100.00,8245.90,8368.40,7819.10,115.45,115450.00
2017-11-22,8234.50,8099.90,8304.40,8091.60,65.81,65810.00
2017-11-23,8013.40,8234.50,8266.50,8012.40,68.01,68010.00
2017-11-24,8200.80,8013.40,8332.90,7900.20,73.00,73000.00
2017-11-25,8754.70,8203.50,8762.00,8153.70,84.67,84670.00
2017-11-26,9318.40,8754.60,9474.60,8746.60,85.89,85890.00
2017-11-27,9733.20,9318.40,9733.60,9316.80,106.90,106900.00
2017-11-28,9906.00,9732.60,9969.60,9638.20,87.76,87760.00
2017-11-29,9837.90,9906.00,11417.80,8938.70,233.33,233330.00
2017-11-30,9946.80,9848.00,10689.10,9023.80,187.01,187010.00
2017-12-01,10861.50,9947.10,10942.80,9420.90,131.92,131920.00
2017-12-02,10912.70,10861.50,11175.20,10715.50,86.83,86830.00
2017-12-03,11246.20,10912.70,11851.10,10578.40,122.13,122130.00
2017-12-04,11623.90,11244.20,11624.60,10917.80,93.17,93170.00
2017-12-05,11667.10,11624.40,11901.90,11486.10,89.69,89690.00
2017-12-06,13749.60,11667.10,13843.20,11661.80,191.58,191580.00
2017-12-07,16850.30,13750.10,16879.30,13401.60,297.11,297110.00
2017-12-08,16047.60,16868.00,17294.80,13906.10,286.76,286760.00
2017-12-09,14843.40,16048.20,16313.20,13151.50,181.98,181980.00
2017-12-10,15059.60,14840.00,15783.20,13031.00,201.62,201620.00
2017-12-11,16732.50,15060.50,17399.20,15024.60,159.73,159730.00
2017-12-12,17083.90,16733.30,17560.70,16254.50,132.85,132850.00
2017-12-13,16286.80,17083.90,17268.00,15669.90,155.41,155410.00
2017-12-14,16467.90,16286.80,16941.10,16023.60,107.92,107920.00
2017-12-15,17604.80,16467.90,17987.00,16442.20,153.65,153650.00
2017-12-16,19345.50,17594.10,19587.70,17318.50,112.17,112170.00
2017-12-17,19065.70,19346.60,19870.60,18750.90,117.41,117410.00
2017-12-18,18972.30,19065.70,19221.10,18114.40,139.25,139250.00
2017-12-19,17523.70,18971.20,19022.00,16812.80,174.54,174540.00
2017-12-20,16462.00,17521.70,17813.60,15642.70,227.68,227680.00
2017-12-21,15632.10,16461.10,17301.80,14953.00,163.74,163740.00
2017-12-22,13665.00,15632.10,15823.70,10875.70,466.98,466980.00
2017-12-23,14396.50,13665.00,15493.20,13356.10,170.17,170170.00
2017-12-24,13790.00,14396.60,14413.70,12166.50,182.42,182420.00
2017-12-25,13833.50,13790.00,14467.40,13010.70,107.48,107480.00
2017-12-26,15756.60,13830.20,16094.70,13748.50,143.14,143140.00
2017-12-27,15416.60,15757.00,16514.60,14534.70,138.71,138710.00
2017-12-28,14398.70,15416.30,15505.50,13466.10,170.37,170370.00
2017-12-29,14392.60,14398.50,15109.80,13951.10,118.88,118880.00
2017-12-30,12531.50,14392.10,14461.50,11962.10,182.07,182070.00
2017-12-31,13850.40,12532.40,14241.80,12359.40,111.27,111270.00
2018-01-01,13444.90,13850.50,13921.50,12877.70,78.43,78430.00
2018-01-02,14754.10,13444.90,15306.10,12934.20,137.73,137730.00
2018-01-03,15156.60,14754.10,15435.00,14579.70,106.54,106540.00
2018-01-04,15180.10,15156.50,15408.70,14244.70,110.97,110970.00
2018-01-05,16954.80,15180.10,17126.90,14832.40,141.96,141960.00
2018-01-06,17172.30,16954.80,17252.80,16286.60,83.93,83930.00
2018-01-07,16228.20,17174.50,17184.80,15791.10,79.01,79010.00
2018-01-08,14976.20,16228.30,16302.90,13902.30,142.45,142450.00
2018-01-09,14778.50,14976.20,15324.60,14613.40,71.40,71400.00
2018-01-10,15043.00,14778.50,15045.40,13613.10,87.07,87070.00
2018-01-11,13535.40,15046.70,15109.10,13048.30,167.81,167810.00
2018-01-12,13886.70,13529.20,14176.40,13410.00,82.37,82370.00
2018-01-13,14292.20,13896.00,14640.70,13888.20,61.14,61140.00
2018-01-14,13695.20,14291.90,14446.10,13094.70,85.12,85120.00
2018-01-15,13697.50,13695.50,14396.60,13475.40,73.27,73270.00
2018-01-16,11362.00,13704.40,13711.00,10050.70,317.10,317100.00
2018-01-17,11192.30,11357.70,11769.60,9271.30,361.80,361800.00
2018-01-18,11245.40,11202.00,12004.70,10660.20,242.45,242450.00
2018-01-19,11580.20,11229.60,11973.20,10901.50,170.74,170740.00
2018-01-20,12858.90,11579.20,13082.20,11567.30,143.90,143900.00
2018-01-21,11594.90,12857.10,12860.20,11164.50,206.96,206960.00
2018-01-22,10864.80,11597.50,11970.90,10136.80,201.73,201730.00
2018-01-23,10903.20,10869.00,11438.00,10056.60,188.37,188370.00
2018-01-24,11452.30,10899.40,11549.50,10584.50,136.06,136060.00
2018-01-25,11203.00,11439.90,11740.90,10983.80,181.81,181810.00
2018-01-26,11118.10,11203.10,11655.30,10389.40,253.91,253910.00
2018-01-27,11467.50,11118.00,11621.70,10908.40,163.49,163490.00
2018-01-28,11795.10,11471.20,12112.70,11433.30,154.63,154630.00
2018-01-29,11244.80,11794.90,11888.10,11119.00,137.42,137420.00
2018-01-30,10166.00,11244.50,11277.20,9917.70,264.72,264720.00
2018-01-31,10265.40,10166.30,10397.70,9742.20,208.47,208470.00
2018-02-01,9181.10,10266.20,10303.00,8789.20,358.40,358400.00
2018-02-02,8893.20,9179.80,9201.40,7915.80,519.40,519400.00
2018-02-03,9241.10,8894.40,9506.90,8249.30,248.71,248710.00
2018-02-04,8222.20,9241.50,9382.10,7932.10,280.94,280940.00
2018-02-05,6938.50,8220.80,8383.20,6651.90,593.89,593890.00
2018-02-06,7701.20,6939.30,7896.20,5996.60,886.88,886880.00
2018-02-07,7594.70,7693.80,8536.50,7196.60,445.62,445620.00
2018-02-08,8164.20,7595.10,8489.90,7595.10,296.10,296100.00
2018-02-09,8699.80,8163.60,8735.60,7784.60,233.94,233940.00
2018-02-10,8559.60,8697.30,9066.60,8172.20,263.53,263530.00
2018-02-11,8081.90,8559.70,8564.20,7843.70,236.20,236200.00
2018-02-12,8903.50,8083.60,8984.90,8083.60,238.67,238670.00
2018-02-13,8539.20,8906.20,8942.70,8378.00,195.87,195870.00
2018-02-14,9476.30,8542.60,9500.00,8541.60,246.88,246880.00
2018-02-15,10037.30,9475.60,10206.80,9348.50,291.28,291280.00
2018-02-16,10178.70,10031.30,10294.30,9707.70,206.44,206440.00
2018-02-17,11073.50,10177.30,11095.90,10070.90,224.76,224760.00
2018-02-18,10398.80,11073.70,11271.60,10137.20,288.91,288910.00
2018-02-19,11169.40,10396.60,11250.50,10324.80,215.20,215200.00
2018-02-20,11238.70,11169.70,11791.50,11119.90,267.56,267560.00
2018-02-21,10473.00,11240.90,11289.70,10252.20,327.14,327140.00
2018-02-22,9841.70,10470.10,10930.20,9743.90,316.63,316630.00
2018-02-23,10170.40,9840.60,10419.10,9597.80,271.50,271500.00
2018-02-24,9704.30,10163.80,10506.10,9394.50,239.16,239160.00
2018-02-25,9585.20,9703.10,9860.30,9330.10,196.49,196490.00
2018-02-26,10285.10,9590.90,10378.40,9410.30,235.94,235940.00
2018-02-27,10594.40,10287.80,10867.20,10120.50,202.58,202580.00
2018-02-28,10333.90,10584.40,11070.70,10303.40,215.22,215220.00
2018-03-01,10904.50,10335.10,11047.80,10248.70,188.77,188770.00
2018-03-02,10827.70,10904.50,11167.00,10677.10,201.69,201690.00
2018-03-03,11402.30,10822.50,11420.70,9585.50,172.20,172200.00
2018-03-04,11416.50,11402.80,11490.30,10878.40,156.40,156400.00
2018-03-05,11330.60,11415.70,11506.90,11281.20,162.11,162110.00
2018-03-06,10675.10,11314.20,11316.40,10412.00,230.65,230650.00
2018-03-07,9902.90,10779.00,10899.00,9422.10,284.54,284540.00
2018-03-08,9300.00,9910.70,10109.00,9037.00,256.26,256260.00
2018-03-09,9217.00,9301.90,9420.50,8351.00,371.46,371460.00
2018-03-10,8762.00,9216.20,9500.00,8691.10,198.73,198730.00
2018-03-11,9529.60,8732.20,9719.60,8516.40,266.59,266590.00
2018-03-12,9137.40,9535.80,9892.20,8804.10,257.91,257910.00
2018-03-13,9154.90,9138.70,9482.00,8875.10,239.46,239460.00
2018-03-14,8210.60,9154.90,9353.40,7958.50,305.45,305450.00
2018-03-15,8264.40,8210.20,8427.00,7691.70,326.53,326530.00
2018-03-16,8289.20,8264.30,8604.80,7929.10,236.13,236130.00
2018-03-17,7874.90,8198.00,8344.80,7760.20,208.05,208050.00
2018-03-18,8201.20,7873.20,8283.60,7323.30,348.02,348020.00
2018-03-19,8616.80,8200.90,8698.30,8127.70,316.96,316960.00
2018-03-20,8912.60,8614.10,9039.60,8326.80,253.44,253440.00
2018-03-21,8905.90,8912.40,9173.40,8775.10,218.19,218190.00
2018-03-22,8726.20,8903.70,9096.20,8499.10,223.01,223010.00
2018-03-23,8916.80,8725.30,8917.00,8305.60,210.11,210110.00
2018-03-24,8547.40,8917.30,9008.80,8523.60,177.43,177430.00
2018-03-25,8473.20,8549.10,8679.00,8392.20,149.52,149520.00
2018-03-26,8143.50,8474.00,8515.70,7865.90,247.18,247180.00
2018-03-27,7801.70,8146.50,8218.30,7760.60,223.10,223100.00
2018-03-28,7954.90,7803.00,8110.40,7754.50,167.36,167360.00
2018-03-29,7129.20,7955.20,7980.70,6954.90,348.75,348750.00
2018-03-30,6853.70,7132.40,7288.10,6603.80,417.31,417310.00
2018-03-31,6938.20,6856.50,7221.50,6804.90,245.30,245300.00
2018-04-01,6825.20,6939.10,7047.70,6460.10,257.53,257530.00
2018-04-02,7068.40,6825.40,7121.30,6787.60,199.31,199310.00
2018-04-03,7424.20,7067.20,7519.30,7032.90,230.80,230800.00
2018-04-04,6808.90,7423.80,7432.90,6726.90,239.51,239510.00
2018-04-05,6782.00,6808.70,6918.20,6592.50,221.70,221700.00
2018-04-06,6624.30,6783.70,6859.70,6523.40,174.90,174900.00
2018-04-07,6905.70,6624.50,7071.90,6616.10,177.10,177100.00
2018-04-08,7030.50,6905.90,7113.40,6903.90,132.51,132510.00
2018-04-09,6781.90,7035.70,7192.50,6633.20,241.19,241190.00
2018-04-10,6854.80,6782.60,6899.50,6671.60,134.23,134230.00
2018-04-11,6962.10,6855.60,6988.60,6818.40,142.07,142070.00
2018-04-12,7926.60,6963.30,8009.60,6779.30,398.30,398300.00
2018-04-13,7887.40,7926.90,8228.00,7756.60,296.95,296950.00
2018-04-14,8004.40,7891.10,8180.20,7839.30,164.71,164710.00
2018-04-15,8363.60,8004.60,8411.50,8004.60,160.26,160260.00
2018-04-16,8070.00,8362.20,8412.90,7908.50,197.70,197700.00
2018-04-17,7908.60,8070.00,8171.70,7852.80,162.59,162590.00
2018-04-18,8178.40,7908.50,8227.60,7895.30,163.26,163260.00
2018-04-19,8290.80,8179.00,8303.70,8126.70,155.08,155080.00
2018-04-20,8867.00,8292.30,8926.20,8224.50,225.96,225960.00
2018-04-21,8923.10,8867.00,9027.70,8614.50,206.01,206010.00
2018-04-22,8806.70,8923.60,9022.30,8766.50,161.89,161890.00
2018-04-23,8952.80,8809.30,9001.00,8785.30,147.54,147540.00
2018-04-24,9645.30,8952.70,9734.80,8937.00,260.79,260790.00
2018-04-25,8873.10,9645.00,9753.10,8768.10,395.67,395670.00
2018-04-26,9287.00,8874.50,9303.60,8669.80,248.39,248390.00
2018-04-27,8940.90,9282.80,9386.30,8920.20,184.91,184910.00
2018-04-28,9352.40,8940.80,9428.90,8895.50,199.78,199780.00
2018-04-29,9415.10,9352.20,9565.10,9182.80,184.72,184720.00
2018-04-30,9245.10,9415.80,9456.70,9135.40,156.83,156830.00
2018-05-01,9074.90,9245.10,9245.10,8851.00,173.35,173350.00
2018-05-02,9243.20,9076.80,9265.70,8991.90,137.48,137480.00
2018-05-03,9749.70,9244.20,9809.40,9171.40,201.18,201180.00
2018-05-04,9708.60,9747.60,9800.90,9549.00,161.55,161550.00
2018-05-05,9853.50,9709.50,9992.80,9691.30,158.45,158450.00
2018-05-06,9656.40,9859.60,9957.70,9446.70,150.95,150950.00
2018-05-07,9431.60,9651.10,9675.60,9204.20,165.08,165080.00
2018-05-08,9196.40,9373.90,9404.40,9079.80,157.45,157450.00
2018-05-09,9319.10,9194.90,9377.90,8988.00,147.89,147890.00
2018-05-10,9025.70,9319.20,9393.30,9013.40,152.71,152710.00
2018-05-11,8408.30,9026.00,9028.70,8359.60,270.62,270620.00
2018-05-12,8459.50,8409.60,8646.10,8184.10,210.87,210870.00
2018-05-13,8693.50,8489.10,8758.40,8330.00,149.80,149800.00
2018-05-14,8674.10,8693.40,8878.30,8305.10,212.05,212050.00
2018-05-15,8477.00,8674.00,8842.10,8436.50,179.62,179620.00
2018-05-16,8344.40,8477.00,8496.40,8120.10,188.03,188030.00
2018-05-17,8063.00,8344.60,8458.70,8022.30,154.36,154360.00
2018-05-18,8245.70,8064.40,8273.60,7939.80,150.32,150320.00
2018-05-19,8245.10,8244.70,8389.10,8153.20,107.89,107890.00
2018-05-20,8529.00,8243.90,8580.40,8184.70,113.76,113760.00
2018-05-21,8403.30,8529.50,8550.60,8375.50,115.52,115520.00
2018-05-22,8006.00,8403.80,8414.50,7979.30,137.51,137510.00
2018-05-23,7512.30,8005.70,8047.40,7467.60,237.60,237600.00
2018-05-24,7592.90,7512.30,7736.60,7293.40,211.11,211110.00
2018-05-25,7477.70,7593.90,7653.40,7355.60,161.82,161820.00
2018-05-26,7361.30,7478.50,7619.30,7331.50,103.07,103070.00
2018-05-27,7366.70,7361.90,7411.80,7267.50,103.29,103290.00
2018-05-28,7119.30,7367.30,7446.90,7090.60,152.29,152290.00
2018-05-29,7467.70,7119.30,7533.00,7069.80,186.97,186970.00
2018-05-30,7400.10,7469.20,7565.20,7306.80,140.37,140370.00
2018-05-31,7502.60,7400.80,7611.90,7355.00,144.52,144520.00
2018-06-01,7530.80,7502.50,7610.40,7375.80,135.92,135920.00
2018-06-02,7646.60,7530.80,7694.50,7467.90,121.18,121180.00
2018-06-03,7729.30,7646.60,7775.00,7611.30,116.68,116680.00
2018-06-04,7504.30,7729.30,7759.90,7468.40,141.01,141010.00
2018-06-05,7631.50,7507.40,7672.60,7391.00,145.23,145230.00
2018-06-06,7661.00,7631.50,7699.10,7504.40,130.66,130660.00
2018-06-07,7697.80,7661.00,7754.70,7657.70,124.00,124000.00
2018-06-08,7622.10,7697.90,7710.50,7556.90,112.88,112880.00
2018-06-09,7515.80,7622.10,7689.00,7493.30,97.56,97560.00
2018-06-10,6775.10,7515.80,7516.30,6668.10,275.69,275690.00
2018-06-11,6885.90,6775.20,6910.80,6657.20,174.88,174880.00
2018-06-12,6558.20,6885.90,6887.20,6476.00,178.26,178260.00
2018-06-13,6312.30,6558.50,6624.60,6129.10,237.48,237480.00
2018-06-14,6647.10,6312.30,6711.50,6283.60,201.54,201540.00
2018-06-15,6410.30,6647.30,6655.80,6395.70,143.53,143530.00
2018-06-16,6505.80,6410.00,6564.20,6358.00,108.79,108790.00
2018-06-17,6460.30,6505.80,6593.00,6452.10,90.67,90670.00
2018-06-18,6719.80,6460.50,6794.50,6410.90,135.70,135700.00
2018-06-19,6752.40,6719.80,6839.50,6681.50,120.54,120540.00
2018-06-20,6765.40,6752.30,6812.70,6575.10,121.48,121480.00
2018-06-21,6728.00,6765.80,6797.50,6695.10,99.29,99290.00
2018-06-22,6055.70,6728.20,6739.70,5955.00,278.22,278220.00
2018-06-23,6167.30,6055.20,6259.00,6032.80,142.90,142900.00
2018-06-24,6154.60,6167.90,6248.30,5785.30,240.60,240600.00
2018-06-25,6256.60,6155.10,6331.20,6101.70,210.69,210690.00
2018-06-26,6082.10,6256.90,6267.70,6060.00,176.66,176660.00
2018-06-27,6154.90,6081.10,6187.30,6025.40,133.42,133420.00
2018-06-28,5883.50,6154.90,6178.40,5854.00,156.05,156050.00
2018-06-29,6213.30,5883.20,6284.90,5818.50,206.96,206960.00
2018-06-30,6398.90,6213.40,6498.50,6204.00,189.33,189330.00
2018-07-01,6366.80,6398.50,6445.10,6284.70,128.51,128510.00
2018-07-02,6619.50,6349.10,6680.00,6275.00,179.92,179920.00
2018-07-03,6513.50,6618.60,6676.60,6513.50,150.19,150190.00
2018-07-04,6598.40,6513.80,6774.50,6442.30,143.04,143040.00
2018-07-05,6546.50,6598.00,6693.60,6466.10,166.18,166180.00
2018-07-06,6617.70,6546.50,6638.20,6458.30,132.69,132690.00
2018-07-07,6765.50,6617.70,6805.90,6531.10,114.57,114570.00
2018-07-08,6714.80,6765.40,6784.00,6694.30,267.60,267600.00
2018-07-09,6667.10,6715.10,6793.80,6637.70,289.48,289480.00
2018-07-10,6307.20,6668.40,6686.80,6291.50,315.27,315270.00
2018-07-11,6389.10,6307.20,6409.70,6296.60,243.82,243820.00
2018-07-12,6250.60,6389.10,6389.40,6088.80,289.24,289240.00
2018-07-13,6230.20,6250.80,6333.80,6144.50,233.22,233220.00
2018-07-14,6254.80,6229.50,6313.50,6192.50,243.71,243710.00
2018-07-15,6362.90,6254.80,6399.60,6238.50,180.67,180670.00
2018-07-16,6729.90,6362.80,6749.20,6344.10,312.12,312120.00
2018-07-17,7322.00,6729.80,7453.20,6666.00,337.75,337750.00
2018-07-18,7383.60,7321.60,7581.20,7249.30,333.32,333320.00
2018-07-19,7477.50,7383.90,7558.40,7288.80,247.25,247250.00
2018-07-20,7339.40,7477.60,7683.60,7292.00,258.85,258850.00
2018-07-21,7408.70,7339.30,7460.80,7223.50,160.77,160770.00
2018-07-22,7412.30,7409.00,7575.30,7343.70,204.16,204160.00
2018-07-23,7723.00,7412.40,7809.60,7379.20,272.15,272150.00
2018-07-24,8407.00,7723.10,8479.80,7701.90,345.32,345320.00
2018-07-25,8173.70,8404.90,8484.60,8062.10,269.23,269230.00
2018-07-26,7937.00,8173.90,8304.30,7861.00,235.45,235450.00
2018-07-27,8187.40,7936.90,8273.80,7808.30,243.22,243220.00
2018-07-28,8234.10,8186.80,8234.10,8077.40,147.14,147140.00
2018-07-29,8215.60,8231.50,8275.40,8113.30,155.24,155240.00
2018-07-30,8177.10,8214.70,8262.00,7874.40,242.21,242210.00
2018-07-31,7729.40,8176.40,8176.50,7649.80,266.94,266940.00
2018-08-01,7606.40,7728.50,7753.20,7449.20,237.69,237690.00
2018-08-02,7535.60,7606.40,7701.40,7470.60,216.34,216340.00
2018-08-03,7419.00,7535.60,7535.60,7293.50,226.46,226460.00
2018-08-04,7014.30,7418.90,7484.20,6949.70,222.57,222570.00
2018-08-05,7027.10,7014.00,7087.60,6887.90,177.64,177640.00
2018-08-06,6943.60,7027.80,7143.60,6852.50,168.87,168870.00
2018-08-07,6724.90,6943.60,7149.70,6689.90,232.48,232480.00
2018-08-08,6283.60,6725.20,6725.20,6138.80,311.54,311540.00
2018-08-09,6538.80,6283.70,6620.20,6197.00,237.66,237660.00
2018-08-10,6152.30,6539.50,6570.20,6043.40,298.82,298820.00
2018-08-11,6231.60,6152.80,6469.60,6009.80,247.34,247340.00
2018-08-12,6313.00,6232.10,6453.00,6169.80,216.33,216330.00
2018-08-13,6255.30,6313.00,6524.10,6159.60,234.09,234090.00
2018-08-14,6190.20,6255.30,6255.30,5898.30,3.66,3660000.00
2018-08-15,6256.90,6190.20,6592.80,6177.90,3.74,3740000.00
2018-08-16,6306.70,6256.90,6470.90,6249.80,3.50,3500000.00
2018-08-17,6581.70,6306.70,6581.70,6291.80,3.20,3200000.00
2018-08-18,6379.10,6581.80,6626.40,6295.50,3.15,3150000.00
2018-08-19,6481.50,6379.10,6534.80,6316.00,2.71,2710000.00
2018-08-20,6268.10,6474.20,6516.40,6255.90,3.10,3100000.00
2018-08-21,6482.20,6268.10,6484.10,6257.40,1.46,1460000.00
2018-08-22,6359.60,6482.20,6840.80,6304.80,3.63,3630000.00
2018-08-23,6521.20,6359.90,6550.20,6359.20,2.76,2760000.00
2018-08-24,6680.40,6521.20,6721.20,6472.80,3.70,3700000.00
2018-08-25,6734.80,6680.60,6783.40,6655.30,3.59,3590000.00
2018-08-26,6712.70,6734.90,6892.70,6573.10,3.37,3370000.00
2018-08-27,6897.60,6712.70,6902.90,6650.40,3.26,3260000.00
2018-08-28,7074.60,6897.60,7129.70,6861.20,3.79,3790000.00
2018-08-29,7029.10,7074.60,7121.40,6926.70,4.11,4110000.00
2018-08-30,6993.70,7029.20,7050.20,6798.00,3.74,3740000.00
2018-08-31,7033.80,6993.70,7080.20,6698.00,4.21,4210000.00
2018-09-01,7189.60,7032.40,7264.30,7020.40,3.52,3520000.00
2018-09-02,7293.90,7189.60,7334.80,7117.30,3.90,3900000.00
2018-09-03,7264.20,7289.80,7330.70,7182.80,3.87,3870000.00
2018-09-04,7377.50,7264.20,7409.90,7234.50,3.92,3920000.00
2018-09-05,6706.80,7377.50,7407.50,6691.80,4.55,4550000.00
2018-09-06,6514.00,6706.80,6732.90,6337.80,4.02,4020000.00
2018-09-07,6390.90,6514.10,6540.60,6316.20,3.30,3300000.00
2018-09-08,6184.30,6390.90,6484.30,6132.30,3.46,3460000.00
2018-09-09,6238.50,6184.30,6432.60,6148.80,2.84,2840000.00
2018-09-10,6321.00,6238.50,6358.50,6237.30,3.11,3110000.00
2018-09-11,6293.90,6320.70,6391.80,6189.60,3.30,3300000.00
2018-09-12,6338.00,6293.90,6353.50,6204.50,3.04,3040000.00
2018-09-13,6482.90,6338.00,6867.30,6337.80,3.53,3530000.00
2018-09-14,6483.70,6482.90,6579.40,6412.10,3.20,3200000.00
2018-09-15,6519.00,6482.60,6562.90,6470.30,3.16,3160000.00
2018-09-16,6500.20,6519.00,6520.80,6406.20,3.34,3340000.00
2018-09-17,6251.90,6500.20,6533.50,6215.90,3.26,3260000.00
2018-09-18,6342.00,6251.90,6388.80,6228.80,2.82,2820000.00
2018-09-19,6390.40,6342.00,6478.70,6144.50,3.54,3540000.00
2018-09-20,6489.20,6390.40,6537.50,6346.40,5.18,5180000.00
2018-09-21,6766.70,6490.90,6780.50,6489.80,7.73,7730000.00
2018-09-22,6729.60,6766.70,6833.30,6635.50,7.31,7310000.00
2018-09-23,6704.10,6729.60,6789.40,6666.40,7.34,7340000.00
2018-09-24,6584.10,6713.30,6728.10,6559.10,7.57,7570000.00
2018-09-25,6445.10,6590.60,6590.60,5977.00,7.34,7340000.00
2018-09-26,6468.10,6443.00,6551.90,6384.10,8.64,8640000.00
2018-09-27,6689.20,6463.70,6738.30,6428.80,9.34,9340000.00
2018-09-28,6636.00,6685.70,6809.20,6538.60,9.57,9570000.00
2018-09-29,6603.90,6633.90,6648.40,6464.40,9.42,9420000.00
2018-09-30,6635.20,6603.90,6673.90,6533.50,9.34,9340000.00
2018-10-01,6608.20,6635.20,6674.70,6072.70,9.19,9190000.00
2018-10-02,6549.90,6608.20,6645.70,6034.90,9.34,9340000.00
2018-10-03,6507.80,6549.90,6563.50,6429.60,9.21,9210000.00
2018-10-04,6584.20,6509.20,6653.00,6487.80,9.31,9310000.00
2018-10-05,6639.10,6584.20,6682.30,6537.60,9.34,9340000.00
2018-10-06,6596.30,6639.10,6661.50,6550.40,9.18,9180000.00
2018-10-07,6611.00,6596.30,6633.90,6523.80,77.06,77060.00
2018-10-08,6669.60,6611.00,6699.50,6589.90,119.68,119680.00
2018-10-09,6650.80,6669.60,6678.90,6613.30,80.79,80790.00
2018-10-10,6618.00,6650.60,6653.50,6526.00,101.93,101930.00
2018-10-11,6239.10,6618.00,6622.50,6206.20,245.28,245280.00
2018-10-12,6291.30,6239.20,6344.80,6206.80,147.40,147400.00
2018-10-13,6321.70,6291.30,6329.30,6282.80,94.45,94450.00
2018-10-14,6326.80,6321.60,6390.90,6300.00,99.38,99380.00
2018-10-15,6699.80,6326.80,7358.40,6300.20,443.33,443330.00
2018-10-16,6705.30,6712.40,6836.70,6645.40,155.85,155850.00
2018-10-17,6686.60,6718.90,6745.90,6637.80,136.71,136710.00
2018-10-18,6574.10,6690.10,6736.30,6530.60,134.15,134150.00
2018-10-19,6512.00,6576.40,6603.20,6506.90,121.44,121440.00
2018-10-20,6572.20,6511.70,6593.70,6495.90,97.77,97770.00
2018-10-21,6583.00,6575.90,6643.10,6568.00,92.94,92940.00
2018-10-22,6555.80,6583.00,6612.70,6529.50,101.57,101570.00
2018-10-23,6528.70,6558.60,6573.60,6500.50,108.86,108860.00
2018-10-24,6530.70,6531.20,6593.80,6522.60,98.74,98740.00
2018-10-25,6507.00,6532.50,6544.80,6491.50,97.43,97430.00
2018-10-26,6510.00,6507.00,6570.50,6498.50,97.17,97170.00
2018-10-27,6494.20,6510.00,6534.00,6473.70,76.72,76720.00
2018-10-28,6486.10,6494.60,6502.20,6461.20,93.97,93970.00
2018-10-29,6335.00,6486.10,6498.40,6310.50,160.52,160520.00
2018-10-30,6325.70,6336.70,6469.90,6316.50,128.21,128210.00
2018-10-31,6365.90,6327.90,6405.70,6257.80,129.06,129060.00
2018-11-01,6400.50,6365.90,6421.80,6354.20,124.16,124160.00
2018-11-02,6424.70,6400.50,6444.30,6390.90,135.87,135870.00
2018-11-03,6386.20,6424.50,6429.50,6346.20,112.84,112840.00
2018-11-04,6478.20,6386.20,6508.90,6359.70,128.76,128760.00
2018-11-05,6459.70,6478.20,6489.20,6431.70,128.51,128510.00
2018-11-06,6502.80,6460.40,6509.60,6441.60,154.87,154870.00
2018-11-07,6565.30,6503.10,6594.30,6502.00,170.76,170760.00
2018-11-08,6474.00,6565.30,6577.30,6466.30,159.30,159300.00
2018-11-09,6412.00,6473.80,6496.10,6390.00,151.60,151600.00
2018-11-10,6427.10,6411.90,6461.70,6411.70,115.87,115870.00
2018-11-11,6446.10,6427.10,6451.70,6359.00,127.40,127400.00
2018-11-12,6435.00,6445.00,6475.90,6409.40,130.16,130160.00
2018-11-13,6429.20,6435.00,6466.80,6386.70,137.60,137600.00
2018-11-14,5842.40,6428.90,6453.30,5619.20,438.21,438210.00
2018-11-15,5718.90,5854.00,5878.50,5384.10,375.86,375860.00
2018-11-16,5636.20,5723.50,5747.70,5539.70,224.12,224120.00
2018-11-17,5621.80,5636.20,5645.50,5561.40,156.51,156510.00
2018-11-18,5658.30,5621.00,5727.90,5615.50,158.68,158680.00
2018-11-19,4883.80,5660.40,5662.50,4831.10,478.26,478260.00
2018-11-20,4524.60,4883.60,5013.40,4272.30,714.08,714080.00
2018-11-21,4638.70,4523.00,4743.70,4393.00,412.74,412740.00
2018-11-22,4356.00,4646.40,4695.70,4346.70,261.85,261850.00
2018-11-23,4398.00,4360.90,4455.60,4223.70,348.99,348990.00
2018-11-24,3920.40,4397.30,4494.60,3821.50,382.72,382720.00
2018-11-25,4062.20,3920.30,4198.40,3634.20,619.95,619950.00
2018-11-26,3837.00,4061.00,4179.00,3679.80,571.04,571040.00
2018-11-27,3866.50,3840.30,3920.60,3687.80,457.27,457270.00
2018-11-28,4265.40,3866.40,4391.80,3866.40,533.04,533040.00
2018-11-29,4296.50,4265.50,4440.10,4140.60,414.46,414460.00
2018-11-30,4039.70,4296.80,4340.60,3954.50,444.52,444520.00
2018-12-01,4196.20,4038.70,4299.10,3967.10,316.30,316300.00
2018-12-02,4160.40,4196.20,4316.10,4105.30,298.63,298630.00
2018-12-03,3897.80,4160.30,4177.00,3839.90,355.10,355100.00
2018-12-04,3958.50,3899.90,4082.90,3809.30,326.71,326710.00
2018-12-05,3771.60,3958.10,3974.10,3765.20,341.60,341600.00
2018-12-06,3508.60,3771.40,3887.20,3505.70,467.54,467540.00
2018-12-07,3422.20,3508.90,3626.60,3251.80,639.33,639330.00
2018-12-08,3430.40,3422.30,3507.70,3302.90,424.40,424400.00
2018-12-09,3567.50,3430.30,3677.60,3424.20,327.93,327930.00
2018-12-10,3460.50,3566.90,3622.40,3412.70,394.49,394490.00
2018-12-11,3407.70,3460.40,3485.90,3349.90,418.53,418530.00
2018-12-12,3466.10,3390.20,3510.20,3379.40,391.17,391170.00
2018-12-13,3315.30,3466.20,3474.40,3284.80,435.89,435890.00
2018-12-14,3247.80,3315.40,3336.60,3199.10,445.56,445560.00
2018-12-15,3228.70,3247.80,3282.30,3177.00,332.95,332950.00
2018-12-16,3247.90,3228.60,3305.00,3225.90,335.69,335690.00
2018-12-17,3526.10,3248.30,3597.40,3243.10,534.78,534780.00
2018-12-18,3668.00,3526.00,3683.10,3456.90,698.53,698530.00
2018-12-19,3687.10,3668.10,3924.70,3647.50,792.40,792400.00
2018-12-20,4076.00,3687.20,4140.30,3665.80,958.58,958580.00
2018-12-21,3850.90,4075.20,4153.10,3786.90,748.76,748760.00
2018-12-22,3964.40,3850.90,3977.20,3803.70,554.59,554590.00
2018-12-23,3944.40,3964.30,4037.10,3904.60,572.21,572210.00
2018-12-24,4026.10,3944.50,4208.20,3941.90,716.29,716290.00
2018-12-25,3762.50,4025.60,4030.70,3676.50,670.94,670940.00
2018-12-26,3793.70,3762.80,3841.90,3680.30,567.11,567110.00
2018-12-27,3586.90,3793.40,3822.60,3560.80,543.44,543440.00
2018-12-28,3861.60,3587.10,3900.30,3565.50,565.24,565240.00
2018-12-29,3706.80,3861.60,3899.60,3696.00,505.41,505410.00
2018-12-30,3815.00,3708.20,3837.70,3682.50,519.17,519170.00
2018-12-31,3709.40,3815.10,3819.60,3658.80,545.83,545830.00
2019-01-01,3809.40,3709.50,3814.30,3664.40,469.11,469110.00
2019-01-02,3873.80,3809.70,3894.80,3768.10,554.47,554470.00
2019-01-03,3780.10,3874.10,3875.80,3753.00,450.32,450320.00
2019-01-04,3802.70,3780.50,3823.90,3720.00,488.70,488700.00
2019-01-05,3785.40,3802.80,3846.70,3769.00,468.45,468450.00
2019-01-06,4004.10,3785.70,4034.10,3758.50,529.89,529890.00
2019-01-07,3985.90,4004.30,4028.00,3945.50,500.88,500880.00
2019-01-08,3971.00,3985.80,4070.50,3943.10,514.08,514080.00
2019-01-09,3978.00,3971.00,4014.20,3957.50,473.42,473420.00
2019-01-10,3603.70,3978.90,4007.70,3562.10,697.31,697310.00
2019-01-11,3616.50,3603.30,3655.70,3563.10,551.64,551640.00
2019-01-12,3597.20,3616.60,3633.90,3561.30,435.06,435060.00
2019-01-13,3490.20,3597.30,3617.60,3473.20,452.79,452790.00
2019-01-14,3638.10,3490.40,3672.00,3490.40,539.93,539930.00
2019-01-15,3571.30,3637.50,3660.80,3545.70,544.85,544850.00
2019-01-16,3588.00,3570.60,3644.10,3561.40,487.34,487340.00
2019-01-17,3626.40,3588.10,3636.70,3554.80,525.10,525100.00
2019-01-18,3605.60,3626.30,3627.90,3575.70,488.16,488160.00
2019-01-19,3677.80,3605.80,3715.20,3604.10,537.06,537060.00
2019-01-20,3542.30,3676.20,3699.10,3503.90,563.31,563310.00
2019-01-21,3536.70,3542.70,3561.40,3505.40,394.17,394170.00
2019-01-22,3580.10,3536.90,3607.90,3465.20,447.70,447700.00
2019-01-23,3561.50,3580.10,3608.30,3532.80,445.87,445870.00
2019-01-24,3574.30,3561.40,3587.00,3539.70,428.60,428600.00
2019-01-25,3572.00,3574.30,3582.60,3542.20,448.89,448890.00
2019-01-26,3570.90,3572.00,3652.50,3556.10,432.55,432550.00
2019-01-27,3555.60,3570.90,3583.20,3509.20,464.02,464020.00
2019-01-28,3442.80,3555.80,3561.20,3395.70,620.85,620850.00
2019-01-29,3414.80,3442.80,3450.10,3368.20,585.46,585460.00
2019-01-30,3460.00,3414.60,3479.00,3394.20,600.25,600250.00
2019-01-31,3437.20,3460.00,3484.70,3427.00,477.07,477070.00
2019-02-01,3467.90,3437.70,3485.70,3415.30,481.58,481580.00
2019-02-02,3502.50,3467.90,3514.50,3447.80,443.60,443600.00
2019-02-03,3459.10,3502.30,3507.80,3431.30,451.66,451660.00
2019-02-04,3462.80,3459.00,3479.70,3437.10,503.92,503920.00
2019-02-05,3468.40,3463.00,3485.90,3450.30,460.95,460950.00
2019-02-06,3404.30,3468.50,3478.00,3383.90,514.21,514210.00
2019-02-07,3397.70,3404.90,3421.80,3390.30,471.36,471360.00
2019-02-08,3661.70,3397.30,3721.10,3382.50,699.23,699230.00
2019-02-09,3661.40,3661.60,3675.30,3633.20,454.80,454800.00
2019-02-10,3679.00,3661.00,3680.60,3617.10,501.90,501900.00
2019-02-11,3631.80,3678.80,3681.10,3623.80,517.28,517280.00
2019-02-12,3632.00,3631.80,3656.40,3594.40,545.82,545820.00
2019-02-13,3611.50,3632.00,3663.50,3599.20,558.02,558020.00
2019-02-14,3592.60,3611.50,3624.50,3580.20,498.14,498140.00
2019-02-15,3604.70,3592.60,3648.30,3581.40,516.21,516210.00
2019-02-16,3616.80,3604.70,3641.90,3599.70,485.63,485630.00
2019-02-17,3664.20,3616.80,3689.90,3607.90,580.51,580510.00
2019-02-18,3896.00,3664.20,3903.70,3655.10,933.15,933150.00
2019-02-19,3914.30,3896.40,3993.80,3863.70,1.44,1440000.00
2019-02-20,3972.40,3914.30,3983.60,3881.20,698.01,698010.00
2019-02-21,3936.60,3972.00,4011.50,3909.20,668.16,668160.00
2019-02-22,3965.20,3937.40,3983.10,3931.70,649.55,649550.00
2019-02-23,4120.40,3965.20,4152.60,3939.40,727.85,727850.00
2019-02-24,3755.20,4120.50,4194.20,3738.70,977.78,977780.00
2019-02-25,3833.70,3755.70,3870.70,3753.80,765.87,765870.00
2019-02-26,3810.30,3833.50,3845.50,3775.00,2.09,2090000.00
2019-02-27,3814.60,3810.30,3836.40,3701.90,2.82,2820000.00
2019-02-28,3816.60,3814.60,3883.70,3783.30,2.31,2310000.00
2019-03-01,3821.90,3816.70,3855.80,3816.40,1.74,1740000.00
2019-03-02,3823.10,3821.90,3843.20,3783.60,1.61,1610000.00
2019-03-03,3809.50,3823.20,3836.60,3789.70,1.51,1510000.00
2019-03-04,3715.90,3809.70,3828.40,3681.80,2.85,2850000.00
2019-03-05,3857.20,3715.90,3873.20,3705.70,3.82,3820000.00
2019-03-06,3863.00,3857.20,3887.30,3816.70,2.52,2520000.00
2019-03-07,3875.10,3863.10,3907.40,3847.90,2.60,2600000.00
2019-03-08,3865.90,3875.10,3929.00,3810.70,2.96,2960000.00
2019-03-09,3944.30,3865.60,3964.00,3859.70,2.48,2480000.00
2019-03-10,3915.20,3944.40,3944.50,3889.20,1.89,1890000.00
2019-03-11,3870.30,3915.20,3935.50,3842.40,3.19,3190000.00
2019-03-12,3886.00,3870.30,3900.10,3817.10,2.90,2900000.00
2019-03-13,3865.10,3885.90,3894.70,3847.40,2.28,2280000.00
2019-03-14,3879.00,3865.10,3914.70,3828.40,2.86,2860000.00
2019-03-15,3924.30,3879.00,3935.70,3874.80,3.11,3110000.00
2019-03-16,4006.40,3924.40,4050.60,3923.70,3.46,3460000.00
2019-03-17,3981.50,4006.40,4009.80,3956.30,1.87,1870000.00
2019-03-18,3990.20,3981.50,4032.30,3958.50,2.62,2620000.00
2019-03-19,4017.00,3990.20,4029.90,3972.40,2.99,2990000.00
2019-03-20,4041.20,4017.00,4050.00,3985.30,3.18,3180000.00
2019-03-21,3982.20,4041.20,4064.00,3923.80,3.88,3880000.00
2019-03-22,3990.40,3982.20,4005.70,3971.80,2.83,2830000.00
2019-03-23,4002.50,3990.40,4018.20,3980.80,2.00,2000000.00
2019-03-24,3994.70,4002.60,4005.70,3967.00,2.04,2040000.00
2019-03-25,3937.00,3994.80,4000.50,3897.90,2.86,2860000.00
2019-03-26,3942.80,3937.10,3950.70,3899.90,2.53,2530000.00
2019-03-27,4041.70,3942.80,4043.30,3936.20,2.78,2780000.00
2019-03-28,4025.60,4041.70,4041.70,4008.40,2.11,2110000.00
2019-03-29,4102.20,4025.70,4123.10,4022.60,3.30,3300000.00
2019-03-30,4111.80,4103.70,4138.10,4057.10,2.55,2550000.00
2019-03-31,4102.30,4111.80,4121.90,4082.20,2.43,2430000.00
2019-04-01,4145.10,4102.30,4159.10,4076.80,3.22,3220000.00
2019-04-02,4859.30,4145.10,4899.60,4143.50,14.77,14770000.00
2019-04-03,4968.70,4859.30,5278.40,4814.00,13.83,13830000.00
2019-04-04,4902.40,4968.70,5042.50,4789.20,1.05,1050000.00
2019-04-05,5010.20,4902.50,5029.40,4888.30,851.72,851720.00
2019-04-06,5046.20,5010.00,5198.40,4947.90,952.18,952180.00
2019-04-07,5173.60,5046.10,5219.50,5033.70,841.27,841270.00
2019-04-08,5245.20,5173.50,5300.60,5060.50,928.23,928230.00
2019-04-09,5158.40,5245.00,5245.90,5095.20,784.62,784620.00
2019-04-10,5307.80,5158.40,5404.10,5142.90,837.51,837510.00
2019-04-11,5022.60,5307.70,5337.00,4948.00,943.49,943490.00
2019-04-12,5054.20,5022.70,5080.50,4889.20,779.14,779140.00
2019-04-13,5051.80,5054.20,5093.40,5011.60,577.16,577160.00
2019-04-14,5134.80,5052.00,5153.50,5010.70,566.38,566380.00
2019-04-15,5032.30,5135.10,5168.00,4964.20,688.20,688200.00
2019-04-16,5180.90,5031.40,5198.40,5014.40,631.05,631050.00
2019-04-17,5208.30,5182.10,5230.90,5165.50,806.52,806520.00
2019-04-18,5264.70,5208.30,5293.10,5205.00,727.97,727970.00
2019-04-19,5241.00,5264.80,5282.40,5192.10,787.09,787090.00
2019-04-20,5290.20,5241.00,5327.00,5240.20,782.32,782320.00
2019-04-21,5243.50,5290.20,5308.20,5189.80,811.41,811410.00
2019-04-22,5346.70,5248.20,5370.20,5170.20,920.77,920770.00
2019-04-23,5511.60,5346.50,5594.40,5291.40,900.00,900000.00
2019-04-24,5415.60,5511.20,5589.60,5346.80,994.04,994040.00
2019-04-25,5209.10,5415.60,5528.20,5137.40,955.36,955360.00
2019-04-26,5298.30,5209.20,5469.30,5159.30,1.03,1030000.00
2019-04-27,5265.90,5298.20,5318.10,5225.40,833.13,833130.00
2019-04-28,5302.30,5265.70,5332.50,5234.40,681.41,681410.00
2019-04-29,5235.00,5302.40,5322.90,5188.90,775.82,775820.00
2019-04-30,5320.80,5235.40,5336.60,5195.90,697.42,697420.00
2019-05-01,5384.20,5321.10,5396.30,5319.50,623.64,623640.00
2019-05-02,5493.80,5384.60,5530.80,5370.00,722.23,722230.00
2019-05-03,5766.80,5493.60,5844.20,5478.70,1.04,1040000.00
2019-05-04,5830.90,5768.00,5899.20,5605.00,920.61,920610.00
2019-05-05,5774.90,5830.80,5838.20,5708.20,709.02,709020.00
2019-05-06,5745.10,5775.10,5801.40,5630.50,755.39,755390.00
2019-05-07,5849.50,5745.50,6019.80,5745.50,955.88,955880.00
2019-05-08,5990.30,5849.40,6011.30,5799.10,757.13,757130.00
2019-05-09,6191.50,5990.50,6206.00,5990.00,799.96,799960.00
2019-05-10,6386.00,6194.30,6466.60,6157.80,907.94,907940.00
2019-05-11,7190.30,6386.60,7373.80,6386.50,1.31,1310000.00
2019-05-12,6984.80,7190.00,7518.90,6802.60,1.35,1350000.00
2019-05-13,7806.00,6984.70,8058.30,6893.10,1.20,1200000.00
2019-05-14,7994.60,7806.40,8323.90,7674.00,1.33,1330000.00
2019-05-15,8164.60,7994.80,8225.30,7856.50,1.13,1130000.00
2019-05-16,7871.80,8164.80,8293.30,7720.40,1.18,1180000.00
2019-05-17,7359.50,7871.90,7924.00,6998.60,1.43,1430000.00
2019-05-18,7262.60,7359.90,7458.50,7189.40,865.53,865530.00
2019-05-19,8157.20,7261.90,8253.40,7252.30,1.08,1080000.00
2019-05-20,7965.30,8156.40,8156.40,7604.00,958.81,958810.00
2019-05-21,7930.30,7965.00,8056.80,7813.20,804.88,804880.00
2019-05-22,7635.70,7928.70,7999.00,7545.90,821.40,821400.00
2019-05-23,7852.10,7637.20,7939.10,7486.80,815.14,815140.00
2019-05-24,7970.10,7852.80,8124.10,7775.40,868.47,868470.00
2019-05-25,8027.40,7971.40,8090.10,7919.10,691.27,691270.00
2019-05-26,8630.20,8029.60,8718.60,7866.50,872.12,872120.00
2019-05-27,8760.10,8628.90,8902.80,8607.30,907.96,907960.00
2019-05-28,8716.30,8759.40,8794.10,8568.80,763.20,763200.00
2019-05-29,8647.80,8715.60,8747.20,8435.30,15.43,15430000.00
2019-05-30,8271.90,8647.80,9045.90,8054.70,1.04,1040000.00
2019-05-31,8558.30,8271.40,8578.80,8135.00,858.41,858410.00
2019-06-01,8545.70,8556.90,8615.80,8454.00,686.75,686750.00
2019-06-02,8728.60,8545.80,8807.70,8534.80,614.54,614540.00
2019-06-03,8124.80,8728.60,8734.90,8102.70,739.45,739450.00
2019-06-04,7685.50,8118.10,8118.10,7494.00,966.95,966950.00
2019-06-05,7779.10,7685.60,7885.00,7590.40,762.94,762940.00
2019-06-06,7784.90,7779.60,7861.40,7480.40,651.82,651820.00
2019-06-07,7985.20,7785.80,8099.40,7749.40,588.87,588870.00
2019-06-08,7901.40,7985.30,8044.40,7770.50,485.81,485810.00
2019-06-09,7635.00,7901.60,7937.50,7516.90,554.48,554480.00
2019-06-10,7987.80,7635.00,8012.80,7523.60,641.38,641380.00
2019-06-11,7888.00,7987.80,8010.40,7714.50,579.00,579000.00
2019-06-12,8133.10,7888.00,8198.10,7805.80,607.89,607890.00
2019-06-13,8219.00,8132.40,8306.10,8028.60,574.21,574210.00
2019-06-14,8656.10,8218.60,8685.30,8153.20,643.17,643170.00
2019-06-15,8812.50,8655.80,8856.70,8582.30,608.69,608690.00
2019-06-16,8962.50,8812.20,9332.00,8771.10,849.77,849770.00
2019-06-17,9318.80,8961.00,9438.10,8959.80,738.80,738800.00
2019-06-18,9080.60,9318.90,9336.10,8962.70,723.17,723170.00
2019-06-19,9255.40,9080.70,9295.10,9044.00,587.57,587570.00
2019-06-20,9517.00,9255.00,9583.90,9188.40,693.62,693620.00
2019-06-21,10179.30,9517.70,10184.30,9517.40,769.12,769120.00
2019-06-22,10721.70,10178.10,11160.50,10031.30,1.09,1090000.00
2019-06-23,10897.10,10721.50,11361.30,10557.80,683.79,683790.00
2019-06-24,11046.40,10897.30,11114.40,10622.60,566.96,566960.00
2019-06-25,11809.90,11046.60,11833.90,11033.70,781.09,781090.00
2019-06-26,13063.80,11811.60,13929.80,11747.30,1.48,1480000.00
2019-06-27,11287.80,13062.40,13422.00,10493.50,1.59,1590000.00
2019-06-28,12409.10,11288.40,12461.80,10970.50,1.09,1090000.00
2019-06-29,11906.50,12408.00,12422.90,11490.80,834.62,834620.00
2019-06-30,10818.60,11906.00,12179.30,10765.40,880.77,880770.00
2019-07-01,10616.60,10821.40,11254.50,10041.60,1.04,1040000.00
2019-07-02,10835.90,10615.50,10923.50,9728.50,1.12,1120000.00
2019-07-03,11900.80,10835.90,11931.80,10835.90,998.73,998730.00
2019-07-04,11163.10,11899.30,11948.00,11087.10,840.34,840340.00
2019-07-05,10970.20,11159.70,11381.80,10810.30,772.67,772670.00
2019-07-06,11268.00,10969.80,11650.20,10967.90,688.96,688960.00
2019-07-07,11415.90,11267.90,11524.60,11108.10,601.93,601930.00
2019-07-08,12252.60,11415.80,12332.30,11304.80,695.60,695600.00
2019-07-09,12541.50,12250.60,12772.90,12111.20,847.84,847840.00
2019-07-10,12110.60,12542.80,13134.40,11594.90,1.11,1110000.00
2019-07-11,11342.30,12111.60,12111.60,11029.00,943.13,943130.00
2019-07-12,11762.10,11343.70,11881.40,11109.80,738.17,738170.00
2019-07-13,11364.90,11762.80,11798.40,10839.40,747.71,747710.00
2019-07-14,10200.10,11364.30,11448.70,10128.90,840.76,840760.00
2019-07-15,10845.90,10199.90,11064.70,9885.40,956.52,956520.00
2019-07-16,9424.80,10844.00,11019.50,9375.30,1.05,1050000.00
2019-07-17,9723.20,9425.10,9983.60,9082.60,1.03,1030000.00
2019-07-18,10651.40,9723.10,10787.10,9390.00,974.49,974490.00
2019-07-19,10571.50,10651.60,10758.40,10160.70,727.79,727790.00
2019-07-20,10826.70,10571.90,11155.60,10462.00,668.94,668940.00
2019-07-21,10714.40,10827.00,10883.80,10442.50,562.17,562170.00
2019-07-22,10412.50,10715.10,10806.30,10196.50,591.27,591270.00
2019-07-23,9888.70,10412.80,10414.70,9865.40,663.38,663380.00
2019-07-24,9804.30,9887.20,9945.30,9584.00,639.54,639540.00
2019-07-25,9945.30,9804.70,10203.50,9776.60,545.85,545850.00
2019-07-26,9831.00,9945.20,10436.10,9724.20,493.75,493750.00
2019-07-27,9492.10,9830.40,10232.30,9389.10,661.89,661890.00
2019-07-28,9727.80,9491.10,9798.50,9401.10,518.59,518590.00
2019-07-29,9580.90,9728.50,9835.40,9502.50,510.90,510900.00
2019-07-30,9580.70,9580.00,9703.00,9483.00,511.51,511510.00
2019-07-31,10082.00,9580.30,10100.00,9562.40,589.84,589840.00
2019-08-01,10380.00,10081.90,10459.00,9890.60,608.37,608370.00
2019-08-02,10520.10,10380.50,10664.80,10330.50,578.29,578290.00
2019-08-03,10815.70,10519.90,10893.60,10504.50,508.75,508750.00
2019-08-04,10934.60,10816.10,11017.70,10568.80,585.71,585710.00
2019-08-05,11816.80,10934.80,11922.30,10934.80,769.63,769630.00
2019-08-06,11480.90,11817.60,12291.90,11237.00,807.58,807580.00
2019-08-07,12013.90,11481.00,12114.50,11406.40,702.85,702850.00
2019-08-08,12191.60,12015.90,12236.60,11727.00,592.15,592150.00
2019-08-09,12089.80,12190.00,12225.30,11885.00,558.72,558720.00
2019-08-10,11314.50,12090.50,12185.00,11281.60,570.74,570740.00
2019-08-11,11517.20,11314.60,11728.40,11146.10,435.83,435830.00
2019-08-12,11394.20,11505.10,11508.60,11267.30,391.08,391080.00
2019-08-13,10892.90,11395.00,11445.60,10793.20,540.78,540780.00
2019-08-14,10049.40,10894.20,10894.50,9965.50,745.59,745590.00
2019-08-15,10303.40,10053.30,10448.20,9580.10,930.05,930050.00
2019-08-16,10335.60,10300.90,10734.00,9788.60,798.67,798670.00
2019-08-17,10218.10,10335.50,10460.70,10016.30,497.77,497770.00
2019-08-18,10312.70,10219.30,10494.90,10086.70,441.11,441110.00
2019-08-19,10910.70,10312.80,10923.90,10267.80,519.01,519010.00
2019-08-20,10752.60,10911.20,10941.60,10581.00,515.47,515470.00
2019-08-21,10141.50,10753.30,10797.80,9908.00,717.65,717650.00
2019-08-22,10105.00,10141.10,10218.20,9777.00,520.75,520750.00
2019-08-23,10388.70,10104.90,10434.30,9921.40,436.26,436260.00
2019-08-24,10131.00,10389.40,10415.90,9917.50,463.85,463850.00
2019-08-25,10136.30,10132.10,10307.00,9935.20,422.53,422530.00
2019-08-26,10371.80,10136.00,10568.20,10136.00,568.77,568770.00
2019-08-27,10184.80,10372.20,10387.60,10060.20,419.81,419810.00
2019-08-28,9729.40,10184.70,10271.30,9629.60,580.29,580290.00
2019-08-29,9491.00,9729.10,9729.10,9343.00,509.13,509130.00
2019-08-30,9585.40,9494.10,9675.70,9370.20,413.92,413920.00
2019-08-31,9594.40,9585.50,9677.50,9457.30,311.49,311490.00
2019-09-01,9729.30,9594.70,9799.50,9533.60,322.66,322660.00
2019-09-02,10348.80,9728.80,10431.50,9720.30,542.79,542790.00
2019-09-03,10612.30,10348.10,10756.80,10283.50,578.79,578790.00
2019-09-04,10568.20,10611.60,10783.60,10388.60,504.45,504450.00
2019-09-05,10566.90,10567.80,10630.70,10469.90,402.09,402090.00
2019-09-06,10309.30,10566.70,10896.20,10227.40,643.02,643020.00
2019-09-07,10461.10,10306.90,10556.40,10302.30,393.57,393570.00
2019-09-08,10402.80,10461.60,10578.00,10266.30,339.73,339730.00
2019-09-09,10309.00,10402.10,10478.00,10095.70,473.76,473760.00
2019-09-10,10105.40,10308.70,10379.80,9970.70,383.22,383220.00
2019-09-11,10162.50,10104.90,10257.50,9908.90,413.06,413060.00
2019-09-12,10415.10,10162.40,10447.90,10051.00,413.22,413220.00
2019-09-13,10342.10,10415.20,10441.40,10174.10,365.52,365520.00
2019-09-14,10337.30,10342.20,10421.40,10253.70,326.44,326440.00
2019-09-15,10311.50,10337.30,10360.40,10272.00,255.79,255790.00
2019-09-16,10255.50,10311.30,10360.50,10108.50,372.53,372530.00
2019-09-17,10195.70,10254.60,10273.60,10153.50,321.64,321640.00
2019-09-18,10164.70,10195.70,10257.50,10119.30,318.82,318820.00
2019-09-19,10250.50,10164.60,10297.60,9707.60,542.25,542250.00
2019-09-20,10172.70,10251.50,10279.50,10088.60,362.07,362070.00
2019-09-21,9993.00,10172.80,10177.90,9939.80,326.17,326170.00
2019-09-22,10031.60,9993.00,10075.00,9870.90,337.06,337060.00
2019-09-23,9702.20,10031.30,10048.80,9656.30,431.10,431100.00
2019-09-24,8513.90,9702.70,9793.80,8069.40,933.16,933160.00
2019-09-25,8432.40,8512.30,8729.80,8245.10,696.11,696110.00
2019-09-26,8063.80,8432.50,8463.10,7773.60,731.03,731030.00
2019-09-27,8184.90,8063.80,8257.40,7882.10,561.40,561400.00
2019-09-28,8208.50,8184.50,8297.20,8031.10,457.79,457790.00
2019-09-29,8049.10,8208.00,8226.80,7922.10,418.48,418480.00
2019-09-30,8284.30,8048.90,8318.50,7749.00,600.26,600260.00
2019-10-01,8302.70,8285.00,8486.20,8187.90,533.95,533950.00
2019-10-02,8364.10,8302.70,8374.00,8167.70,405.86,405860.00
2019-10-03,8226.90,8363.60,8391.70,8090.10,460.97,460970.00
2019-10-04,8148.10,8227.60,8233.60,8041.40,416.92,416920.00
2019-10-05,8127.30,8148.00,8185.10,8030.60,360.92,360920.00
2019-10-06,7881.90,8127.30,8145.50,7834.90,448.80,448800.00
2019-10-07,8198.60,7882.60,8293.50,7797.00,604.74,604740.00
2019-10-08,8182.90,8198.50,8323.10,8118.10,469.04,469040.00
2019-10-09,8566.70,8180.10,8655.90,8122.70,636.43,636430.00
2019-10-10,8562.30,8566.80,8638.50,8438.70,511.46,511460.00
2019-10-11,8267.80,8562.20,8751.10,8249.70,667.86,667860.00
2019-10-12,8304.40,8267.60,8394.80,8260.90,424.02,424020.00
2019-10-13,8281.50,8304.30,8450.20,8190.60,419.87,419870.00
2019-10-14,8353.30,8281.30,8374.30,8222.20,505.02,505020.00
2019-10-15,8167.20,8353.40,8400.20,8139.50,469.73,469730.00
2019-10-16,8000.40,8167.10,8185.90,7929.80,538.92,538920.00
2019-10-17,8073.30,8000.40,8118.20,7944.40,444.95,444950.00
2019-10-18,7948.50,8073.30,8116.40,7842.00,505.79,505790.00
2019-10-19,7957.30,7948.30,8060.20,7892.40,428.83,428830.00
2019-10-20,8223.40,7957.40,8288.50,7889.60,513.91,513910.00
2019-10-21,8208.20,8224.10,8315.30,8155.70,489.40,489400.00
2019-10-22,8031.40,8207.40,8289.10,8017.70,570.39,570390.00
2019-10-23,7477.00,8031.00,8055.00,7329.20,892.08,892080.00
2019-10-24,7422.70,7476.80,7501.50,7366.30,586.49,586490.00
2019-10-25,8658.30,7422.80,8697.70,7404.90,1.18,1180000.00
2019-10-26,9230.60,8658.40,10540.00,8061.80,1.78,1780000.00
2019-10-27,9529.60,9230.60,9773.20,9081.00,1.16,1160000.00
2019-10-28,9207.20,9530.10,9866.90,9202.50,1.04,1040000.00
2019-10-29,9411.30,9206.50,9531.30,9125.30,918.48,918480.00
2019-10-30,9157.90,9411.30,9411.30,9018.40,789.73,789730.00
2019-10-31,9152.60,9157.90,9378.90,8959.60,798.93,798930.00
2019-11-01,9230.10,9153.10,9270.40,9057.20,689.65,689650.00
2019-11-02,9300.60,9230.30,9356.70,9201.20,570.74,570740.00
2019-11-03,9198.30,9300.50,9359.10,9095.00,536.56,536560.00
2019-11-04,9396.40,9198.70,9500.40,9134.10,681.01,681010.00
2019-11-05,9310.80,9396.10,9452.70,9193.90,653.42,653420.00
2019-11-06,9338.90,9311.20,9424.60,9262.70,578.03,578030.00
2019-11-07,9223.50,9339.20,9367.00,9130.00,603.54,603540.00
2019-11-08,8778.20,9223.60,9254.80,8722.40,791.79,791790.00
2019-11-09,8804.50,8778.10,8877.50,8746.90,512.02,512020.00
2019-11-10,9036.80,8804.70,9092.90,8763.50,581.57,581570.00
2019-11-11,8736.90,9036.90,9066.40,8649.40,601.16,601160.00
2019-11-12,8812.60,8737.40,8841.20,8615.70,575.16,575160.00
2019-11-13,8783.10,8813.20,8829.70,8721.10,454.33,454330.00
2019-11-14,8661.20,8782.90,8799.80,8615.80,515.43,515430.00
2019-11-15,8476.30,8660.80,8761.80,8437.10,653.71,653710.00
2019-11-16,8497.30,8476.20,8532.80,8450.70,471.16,471160.00
2019-11-17,8509.80,8497.40,8631.70,8413.00,531.22,531220.00
2019-11-18,8208.40,8510.30,8516.30,8110.40,692.60,692600.00
2019-11-19,8145.70,8207.70,8245.60,8032.80,654.27,654270.00
2019-11-20,8099.30,8145.70,8223.00,8074.20,607.27,607270.00
2019-11-21,7627.90,8099.40,8129.60,7519.70,891.50,891500.00
2019-11-22,7272.50,7627.90,7700.90,6818.50,1.41,1410000.00
2019-11-23,7324.10,7271.60,7342.50,7093.70,783.18,783180.00
2019-11-24,6924.70,7325.00,7344.10,6894.90,904.50,904500.00
2019-11-25,7115.60,6924.70,7352.80,6534.80,1.29,1290000.00
2019-11-26,7162.80,7115.50,7329.50,7045.10,844.27,844270.00
2019-11-27,7510.60,7162.80,7636.90,6875.40,996.49,996490.00
2019-11-28,7426.70,7510.60,7639.50,7380.60,737.58,737580.00
2019-11-29,7742.70,7426.60,7825.30,7412.30,766.71,766710.00
2019-11-30,7546.60,7742.70,7787.70,7472.70,650.60,650600.00
2019-12-01,7396.40,7546.50,7546.50,7244.40,777.00,777000.00
2019-12-02,7298.20,7395.90,7433.80,7173.60,687.78,687780.00
2019-12-03,7291.80,7298.10,7389.40,7227.10,548.77,548770.00
2019-12-04,7204.40,7291.90,7702.20,7113.60,971.75,971750.00
2019-12-05,7399.20,7204.60,7476.30,7184.00,780.78,780780.00
2019-12-06,7530.80,7399.20,7552.10,7329.80,706.10,706100.00
2019-12-07,7510.90,7530.40,7595.70,7489.60,557.14,557140.00
2019-12-08,7524.40,7510.80,7576.40,7416.70,499.04,499040.00
2019-12-09,7355.80,7524.80,7626.00,7321.60,648.66,648660.00
2019-12-10,7235.70,7356.20,7400.30,7192.10,609.50,609500.00
2019-12-11,7208.00,7235.80,7284.40,7168.80,518.40,518400.00
2019-12-12,7208.00,7208.00,7272.40,7124.60,611.80,611800.00
2019-12-13,7255.20,7208.40,7288.00,7200.30,503.49,503490.00
2019-12-14,7080.80,7255.20,7267.40,7043.30,524.56,524560.00
2019-12-15,7128.50,7080.80,7175.80,7033.80,492.58,492580.00
2019-12-16,6903.50,7128.50,7153.10,6864.60,689.56,689560.00
2019-12-17,6613.30,6903.50,6943.50,6575.00,894.55,894550.00
2019-12-18,7276.00,6613.50,7387.70,6462.20,1.14,1140000.00
2019-12-19,7165.50,7276.40,7354.00,7039.30,778.72,778720.00
2019-12-20,7196.40,7165.50,7218.40,7107.70,627.04,627040.00
2019-12-21,7156.20,7196.40,7197.60,7129.60,468.74,468740.00
2019-12-22,7495.80,7156.30,7501.10,7142.00,677.94,677940.00
2019-12-23,7322.80,7496.20,7684.00,7276.20,952.16,952160.00
2019-12-24,7268.30,7322.40,7433.20,7185.70,785.54,785540.00
2019-12-25,7224.80,7268.30,7542.40,7150.90,625.41,625410.00
2019-12-26,7210.90,7225.00,7414.30,7177.30,795.09,795090.00
2019-12-27,7261.70,7210.80,7293.80,7128.50,718.07,718070.00
2019-12-28,7321.50,7261.90,7375.90,7256.50,610.96,610960.00
2019-12-29,7397.50,7321.60,7518.90,7303.00,611.69,611690.00
2019-12-30,7261.80,7397.50,7420.90,7244.10,606.11,606110.00
2019-12-31,7196.40,7261.50,7331.00,7167.40,586.60,586600.00
2020-01-01,7199.80,7196.40,7259.40,7180.00,420.28,420280.00
2020-01-02,6967.00,7199.70,7209.60,6901.40,632.78,632780.00
2020-01-03,7343.10,6967.10,7402.90,6884.10,936.29,936290.00
2020-01-04,7376.80,7345.10,7433.10,7291.40,523.91,523910.00
2020-01-05,7372.50,7376.80,7501.00,7345.60,628.14,628140.00
2020-01-06,7759.10,7372.60,7783.10,7366.70,786.75,786750.00
2020-01-07,8155.70,7759.10,8182.00,7754.10,1.01,1010000.00
2020-01-08,8059.60,8154.20,8436.40,7900.80,1.19,1190000.00
2020-01-09,7842.40,8060.00,8065.90,7779.20,786.50,786500.00
2020-01-10,8187.10,7842.50,8187.40,7697.70,1.05,1050000.00
2020-01-11,8024.10,8187.80,8262.90,8008.40,776.75,776750.00
2020-01-12,8187.60,8023.30,8189.90,7973.10,595.22,595220.00
2020-01-13,8111.40,8188.30,8196.70,8068.40,610.66,610660.00
2020-01-14,8829.20,8111.20,8898.70,8111.20,1.48,1480000.00
2020-01-15,8818.30,8827.90,8904.00,8615.50,1.17,1170000.00
2020-01-16,8726.90,8818.10,8850.00,8605.80,748.32,748320.00
2020-01-17,8913.10,8726.70,9005.10,8675.90,794.11,794110.00
2020-01-18,8916.30,8913.00,8982.30,8814.60,627.74,627740.00
2020-01-19,8706.20,8916.30,9183.70,8552.80,975.01,975010.00
2020-01-20,8641.90,8705.70,8740.10,8539.20,599.06,599060.00
2020-01-21,8732.60,8642.00,8770.30,8524.00,540.20,540200.00
2020-01-22,8678.50,8733.00,8805.40,8610.80,509.06,509060.00
2020-01-23,8405.10,8678.50,8687.30,8309.60,722.67,722670.00
2020-01-24,8439.90,8404.90,8522.00,8242.60,617.02,617020.00
2020-01-25,8341.60,8439.90,8447.60,8277.20,444.00,444000.00
2020-01-26,8607.80,8341.60,8607.80,8304.90,468.34,468340.00
2020-01-27,8866.60,8608.10,8983.10,8585.60,706.45,706450.00
2020-01-28,9377.30,8866.60,9389.50,8866.60,954.20,954200.00
2020-01-29,9298.90,9377.30,9428.70,9250.90,749.88,749880.00
2020-01-30,9507.30,9299.10,9569.00,9209.20,765.21,765210.00
2020-01-31,9349.10,9508.30,9525.00,9222.30,633.37,633370.00
2020-02-01,9381.60,9349.30,9458.80,9301.50,458.42,458420.00
2020-02-02,9334.90,9381.50,9465.40,9183.10,683.37,683370.00
2020-02-03,9296.60,9334.60,9582.80,9243.10,701.39,701390.00
2020-02-04,9193.90,9296.50,9347.50,9193.90,651.68,651680.00
2020-02-05,9611.80,9194.10,9726.80,9179.90,771.46,771460.00
2020-02-06,9772.00,9611.80,9854.90,9536.10,778.67,778670.00
2020-02-07,9818.60,9771.90,9872.50,9738.70,608.96,608960.00
2020-02-08,9895.50,9817.30,9931.20,9673.20,551.31,551310.00
2020-02-09,10151.50,9895.40,10157.10,9882.70,617.35,617350.00
2020-02-10,9854.10,10151.50,10181.70,9774.80,781.22,781220.00
2020-02-11,10229.50,9854.00,10314.10,9725.10,791.28,791280.00
2020-02-12,10317.70,10229.30,10435.60,10229.30,803.25,803250.00
2020-02-13,10235.10,10321.90,10482.60,10116.90,940.30,940300.00
2020-02-14,10333.00,10235.50,10372.40,10125.20,732.51,732510.00
2020-02-15,9907.70,10336.00,10369.80,9831.70,808.81,808810.00
2020-02-16,9932.30,9907.40,10056.40,9654.90,808.91,808910.00
2020-02-17,9701.40,9931.70,9951.50,9468.90,961.88,961880.00
2020-02-18,10158.40,9701.50,10230.10,9601.60,945.91,945910.00
2020-02-19,9609.40,10158.60,10230.90,9424.30,905.95,905950.00
2020-02-20,9602.40,9611.90,9681.40,9448.90,870.80,870800.00
2020-02-21,9684.50,9602.20,9747.10,9574.50,716.61,716610.00
2020-02-22,9655.70,9684.50,9706.50,9569.80,589.88,589880.00
2020-02-23,9942.70,9655.60,9965.60,9653.40,775.88,775880.00
2020-02-24,9662.70,9943.20,9981.00,9507.00,980.00,980000.00
2020-02-25,9317.20,9662.60,9672.30,9269.80,937.97,937970.00
2020-02-26,8800.30,9317.10,9368.10,8672.00,1.32,1320000.00
2020-02-27,8818.60,8800.10,8968.30,8538.50,1.13,1130000.00
2020-02-28,8697.50,8820.10,8898.70,8451.90,1.08,1080000.00
2020-02-29,8543.70,8697.10,8793.70,8539.80,683.44,683440.00
2020-03-01,8540.00,8543.80,8737.20,8437.20,784.05,784050.00
2020-03-02,8904.80,8537.50,8961.80,8503.10,1.02,1020000.00
2020-03-03,8761.40,8906.10,8911.70,8669.30,1.01,1010000.00
2020-03-04,8757.90,8761.30,8840.30,8679.70,759.69,759690.00
2020-03-05,9060.30,8757.90,9147.30,8751.50,950.76,950760.00
2020-03-06,9134.80,9060.60,9165.20,9004.90,1.04,1040000.00
2020-03-07,8887.80,9134.20,9180.80,8848.70,750.65,750650.00
2020-03-08,8034.10,8887.80,8888.00,8015.30,1.11,1110000.00
2020-03-09,7933.00,8035.80,8158.80,7648.70,1.54,1540000.00
2020-03-10,7891.20,7933.00,8145.50,7740.20,1.20,1200000.00
2020-03-11,7935.10,7892.10,7976.50,7606.00,1.10,1100000.00
2020-03-12,4826.00,7935.20,7963.10,4546.60,3.22,3220000.00
2020-03-13,5584.30,4815.20,5934.30,3869.50,4.17,4170000.00
2020-03-14,5182.70,5589.40,5634.90,5072.20,1.69,1690000.00
2020-03-15,5366.30,5182.90,5863.30,5120.60,1.61,1610000.00
2020-03-16,5030.00,5366.40,5369.30,4477.70,2.55,2550000.00
2020-03-17,5261.10,5030.20,5432.80,4946.50,1.89,1890000.00
2020-03-18,5361.40,5260.70,5373.10,5020.90,1.80,1800000.00
2020-03-19,6172.00,5359.20,6379.50,5256.00,2.18,2180000.00
2020-03-20,6205.30,6171.60,6858.10,5748.20,2.22,2220000.00
2020-03-21,6186.20,6205.60,6438.30,5887.00,1.64,1640000.00
2020-03-22,5822.10,6186.90,6394.40,5771.20,1.48,1480000.00
2020-03-23,6468.90,5822.00,6564.70,5710.80,1.88,1880000.00
2020-03-24,6744.60,6468.80,6814.20,6380.80,1.73,1730000.00
2020-03-25,6678.90,6744.80,6930.20,6474.60,1.52,1520000.00
2020-03-26,6725.10,6677.90,6772.90,6541.70,1.18,1180000.00
2020-03-27,6373.40,6725.50,6813.70,6322.30,1.16,1160000.00
2020-03-28,6233.70,6373.40,6374.30,6046.50,1.26,1260000.00
2020-03-29,5890.40,6233.20,6258.80,5889.30,916.17,916170.00
2020-03-30,6391.00,5890.40,6576.50,5872.50,1.43,1430000.00
2020-03-31,6412.50,6391.10,6513.10,6346.30,1.05,1050000.00
2020-04-01,6638.50,6412.40,6661.30,6157.40,1.40,1400000.00
2020-04-02,6800.50,6638.80,7182.70,6567.90,1.74,1740000.00
2020-04-03,6735.90,6799.90,7026.30,6623.60,1.35,1350000.00
2020-04-04,6857.40,6735.90,6958.60,6679.10,1.05,1050000.00
2020-04-05,6772.70,6857.50,6889.40,6686.00,842.33,842330.00
2020-04-06,7332.30,6772.80,7335.00,6770.10,1.53,1530000.00
2020-04-07,7185.20,7332.30,7440.30,7101.70,1.32,1320000.00
2020-04-08,7361.20,7185.60,7396.10,7153.10,983.94,983940.00
2020-04-09,7289.00,7361.10,7361.10,7140.30,963.55,963550.00
2020-04-10,6863.10,7289.00,7294.40,6756.10,1.37,1370000.00
2020-04-11,6867.80,6862.70,6931.40,6765.10,845.58,845580.00
2020-04-12,6917.60,6867.90,7158.80,6785.10,1.10,1100000.00
2020-04-13,6841.30,6918.10,6920.30,6618.50,1.25,1250000.00
2020-04-14,6850.90,6841.80,6970.80,6768.60,999.53,999530.00
2020-04-15,6629.10,6851.30,6929.50,6615.90,1.00,1000000.00
2020-04-16,7085.60,6629.10,7159.70,6520.50,1.54,1540000.00
2020-04-17,7035.80,7085.50,7142.80,7005.80,810.10,810100.00
2020-04-18,7230.80,7035.90,7259.40,7031.50,796.45,796450.00
2020-04-19,7122.90,7230.90,7238.00,7079.10,5.93,5930000.00
2020-04-20,6833.50,7122.90,7207.50,6771.20,1.26,1260000.00
2020-04-21,6842.50,6833.40,6919.30,6774.30,892.57,892570.00
2020-04-22,7112.90,6842.50,7137.40,6821.80,914.18,914180.00
2020-04-23,7488.50,7112.80,7655.40,7036.50,1.34,1340000.00
2020-04-24,7503.80,7491.30,7583.50,7423.50,951.95,951950.00
2020-04-25,7540.40,7503.90,7684.60,7451.00,861.93,861930.00
2020-04-26,7678.90,7540.40,7679.40,7520.50,921.59,921590.00
2020-04-27,7766.00,7679.40,7768.50,7637.70,980.50,980500.00
2020-04-28,7746.90,7766.00,7770.10,7655.30,808.09,808090.00
2020-04-29,8770.90,7746.70,8918.50,7729.70,1.83,1830000.00
2020-04-30,8629.00,8770.60,9437.50,8425.50,2.04,2040000.00
2020-05-01,8821.60,8628.60,9040.30,8621.00,1.11,1110000.00
2020-05-02,8966.30,8821.60,8986.20,8771.30,890.34,890340.00
2020-05-03,8885.50,8966.20,9169.90,8742.20,1.15,1150000.00
2020-05-04,8874.70,8885.50,8945.50,8553.20,1.12,1120000.00
2020-05-05,9001.00,8874.20,9078.70,8800.40,1.05,1050000.00
2020-05-06,9151.40,9000.60,9373.70,8923.60,1.62,1620000.00
2020-05-07,9979.80,9152.70,10033.00,9064.80,1.91,1910000.00
2020-05-08,9806.20,9980.10,10018.20,9731.40,1.42,1420000.00
2020-05-09,9554.60,9806.00,9910.50,9533.60,1.49,1490000.00
2020-05-10,8738.80,9553.90,9569.40,8259.30,2.47,2470000.00
2020-05-11,8579.80,8737.60,9129.60,8235.60,2.29,2290000.00
2020-05-12,8813.80,8569.80,8964.50,8542.80,1.35,1350000.00
2020-05-13,9298.70,8813.90,9384.60,8799.10,1.50,1500000.00
2020-05-14,9778.40,9298.70,9887.50,9265.80,1.77,1770000.00
2020-05-15,9318.00,9778.60,9819.60,9223.20,1.56,1560000.00
2020-05-16,9379.50,9318.10,9579.00,9233.00,1.10,1100000.00
2020-05-17,9677.70,9376.60,9866.00,9327.80,1.18,1180000.00
2020-05-18,9730.70,9678.40,9930.20,9524.40,1.18,1180000.00
2020-05-19,9773.30,9730.80,9883.90,9498.70,1.16,1160000.00
2020-05-20,9512.30,9773.00,9829.30,9368.40,1.15,1150000.00
2020-05-21,9059.00,9511.60,9567.10,8833.60,1.41,1410000.00
2020-05-22,9169.70,9058.20,9253.50,8952.10,914.59,914590.00
2020-05-23,9177.00,9169.80,9303.20,9098.90,812.56,812560.00
2020-05-24,8728.20,9177.90,9292.00,8724.10,1.11,1110000.00
2020-05-25,8898.20,8728.00,8959.50,8666.10,941.89,941890.00
2020-05-26,8842.50,8897.70,8994.60,8713.90,784.92,784920.00
2020-05-27,9199.10,8842.30,9210.90,8818.60,810.89,810890.00
2020-05-28,9572.20,9199.80,9610.80,9119.20,948.86,948860.00
2020-05-29,9424.80,9573.40,9596.50,9358.10,814.33,814330.00
2020-05-30,9692.50,9424.80,9729.90,9352.70,720.62,720620.00
2020-05-31,9454.80,9692.90,9695.60,9406.20,645.27,645270.00
2020-06-01,10189.30,9454.50,10301.80,9429.70,796.68,796680.00
2020-06-02,9527.60,10190.70,10207.30,9347.30,1.06,1060000.00
2020-06-03,9667.20,9527.00,9667.20,9421.70,558.12,558120.00
2020-06-04,9794.40,9667.20,9864.40,9490.90,593.66,593660.00
2020-06-05,9631.20,9794.00,9846.10,9628.70,527.05,527050.00
2020-06-06,9669.60,9630.80,9733.10,9549.50,370.85,370850.00
2020-06-07,9742.60,9669.60,9791.80,9417.40,549.20,549200.00
2020-06-08,9777.90,9743.40,9788.20,9662.30,431.04,431040.00
2020-06-09,9768.80,9777.70,9857.20,9616.60,479.55,479550.00
2020-06-10,9878.80,9768.80,9970.90,9710.70,533.55,533550.00
2020-06-11,9283.20,9878.90,9945.20,9139.10,919.30,919300.00
2020-06-12,9466.60,9283.70,9547.50,9249.40,529.28,529280.00
2020-06-13,9471.30,9466.50,9484.90,9369.90,364.97,364970.00
2020-06-14,9345.30,9470.70,9474.70,9264.40,311.27,311270.00
2020-06-15,9425.40,9345.50,9489.70,8925.60,750.90,750900.00
2020-06-16,9523.50,9425.60,9577.10,9379.30,545.47,545470.00
2020-06-17,9464.60,9523.60,9543.60,9258.20,446.45,446450.00
2020-06-18,9388.10,9464.60,9480.40,9289.30,391.67,391670.00
2020-06-19,9314.00,9390.30,9424.00,9249.60,478.49,478490.00
2020-06-20,9358.80,9314.00,9394.50,9199.80,383.44,383440.00
2020-06-21,9296.40,9358.80,9411.20,9288.50,335.99,335990.00
2020-06-22,9683.70,9296.50,9751.90,9285.80,523.32,523320.00
2020-06-23,9624.60,9683.90,9715.60,9581.80,375.49,375490.00
2020-06-24,9302.00,9624.60,9667.40,9223.00,515.78,515780.00
2020-06-25,9247.50,9300.80,9327.30,9022.60,524.45,524450.00
2020-06-26,9160.00,9247.50,9296.50,9060.10,489.84,489840.00
2020-06-27,9008.30,9160.50,9190.50,8865.30,441.93,441930.00
2020-06-28,9124.00,9008.40,9185.50,8950.20,329.01,329010.00
2020-06-29,9185.40,9122.80,9229.10,9033.60,401.12,401120.00
2020-06-30,9135.40,9186.00,9199.80,9075.30,381.73,381730.00
2020-07-01,9229.90,9135.90,9289.00,9101.10,366.78,366780.00
2020-07-02,9085.10,9229.90,9259.70,8962.10,483.10,483100.00
2020-07-03,9067.10,9085.00,9120.40,9050.90,333.88,333880.00
2020-07-04,9134.40,9067.10,9182.30,9049.60,261.25,261250.00
2020-07-05,9081.00,9134.30,9149.60,8932.10,314.10,314100.00
2020-07-06,9339.00,9080.40,9363.00,9063.20,510.27,510270.00
2020-07-07,9256.00,9338.80,9371.20,9209.30,420.55,420550.00
2020-07-08,9429.90,9256.30,9458.30,9233.10,509.94,509940.00
2020-07-09,9235.70,9430.10,9434.50,9176.00,444.27,444270.00
2020-07-10,9285.10,9239.00,9309.80,9131.90,418.47,418470.00
2020-07-11,9233.30,9285.80,9295.50,9184.20,353.92,353920.00
2020-07-12,9300.80,9234.20,9337.80,9170.40,366.88,366880.00
2020-07-13,9243.60,9300.50,9329.60,9207.60,456.87,456870.00
2020-07-14,9253.40,9243.10,9274.80,9135.70,453.83,453830.00
2020-07-15,9198.70,9253.60,9270.20,9168.70,429.84,429840.00
2020-07-16,9135.30,9198.70,9224.20,9052.00,429.04,429040.00
2020-07-17,9155.80,9135.40,9181.90,9091.50,310.92,310920.00
2020-07-18,9170.20,9155.80,9198.80,9126.70,276.40,276400.00
2020-07-19,9208.00,9170.10,9224.80,9106.40,265.25,265250.00
2020-07-20,9162.40,9208.10,9218.40,9139.90,312.98,312980.00
2020-07-21,9387.30,9162.30,9426.90,9155.10,458.99,458990.00
2020-07-22,9513.70,9387.40,9523.10,9296.00,386.00,386000.00
2020-07-23,9599.60,9513.60,9646.50,9451.10,425.66,425660.00
2020-07-24,9546.40,9599.20,9626.20,9480.50,359.16,359160.00
2020-07-25,9704.10,9546.70,9729.30,9536.20,306.29,306290.00
2020-07-26,9932.50,9690.00,10086.60,9645.90,415.07,415070.00
2020-07-27,11022.80,9932.70,11367.00,9894.60,908.99,908990.00
2020-07-28,10908.50,10961.10,11046.10,10873.60,658.37,658370.00
2020-07-29,11105.90,10908.40,11336.50,10771.80,576.83,576830.00
2020-07-30,11096.20,11105.80,11164.40,10861.60,501.14,501140.00
2020-07-31,11333.40,11096.50,11434.80,10964.60,530.95,530950.00
2020-08-01,11803.10,11333.20,11847.70,11226.10,611.47,611470.00
2020-08-02,11066.80,11802.60,12061.10,10730.70,647.95,647950.00
2020-08-03,11224.40,11066.90,11461.10,10981.60,470.24,470240.00
2020-08-04,11184.70,11223.80,11407.80,11043.00,485.79,485790.00
2020-08-05,11735.10,11184.80,11771.50,11114.50,570.83,570830.00
2020-08-06,11757.10,11735.00,11898.40,11563.00,554.85,554850.00
2020-08-07,11592.00,11757.10,11901.80,11352.40,517.00,517000.00
2020-08-08,11764.30,11591.60,11805.50,11533.50,317.06,317060.00
2020-08-09,11681.20,11764.40,11792.80,11527.50,303.00,303000.00
2020-08-10,11889.20,11681.10,12041.10,11546.90,564.11,564110.00
2020-08-11,11390.40,11889.20,11931.80,11146.70,615.90,615900.00
2020-08-12,11557.20,11390.40,11605.40,11190.60,549.59,549590.00
2020-08-13,11770.90,11557.20,11772.90,11298.40,545.67,545670.00
2020-08-14,11750.80,11771.10,11835.50,11651.50,435.44,435440.00
2020-08-15,11845.30,11751.10,11964.00,11711.50,499.10,499100.00
2020-08-16,11899.00,11845.50,11922.50,11688.90,410.81,410810.00
2020-08-17,12282.60,11898.80,12444.10,11764.00,628.41,628410.00
2020-08-18,11947.60,12283.00,12381.40,11842.00,606.79,606790.00
2020-08-19,11750.20,11944.40,12013.20,11602.60,550.26,550260.00
2020-08-20,11856.90,11751.00,11881.00,11672.70,430.93,430930.00
2020-08-21,11529.20,11856.90,11877.40,11495.60,506.38,506380.00
2020-08-22,11661.30,11529.20,11677.00,11382.10,433.98,433980.00
2020-08-23,11641.60,11661.10,11705.40,11520.80,377.33,377330.00
2020-08-24,11753.50,11641.60,11824.60,11587.10,429.13,429130.00
2020-08-25,11324.80,11752.90,11766.90,11131.00,594.07,594070.00
2020-08-26,11462.30,11324.90,11533.60,11254.60,513.06,513060.00
2020-08-27,11327.40,11462.30,11580.30,11135.30,560.59,560590.00
2020-08-28,11527.40,11327.50,11539.00,11281.90,464.94,464940.00
2020-08-29,11468.10,11527.80,11576.80,11433.50,389.85,389850.00
2020-08-30,11702.00,11468.10,11704.20,11462.60,409.36,409360.00
2020-08-31,11644.20,11701.10,11760.20,11563.80,496.14,496140.00
2020-09-01,11914.90,11644.20,12045.90,11544.60,580.69,580690.00
2020-09-02,11413.30,11914.40,11947.50,11244.90,20.26,20260000.00
2020-09-03,10168.80,11413.20,11442.70,10009.50,9.65,9650000.00
2020-09-04,10472.50,10168.70,10614.20,9960.30,12.50,12500000.00
2020-09-05,10092.20,10472.30,10558.70,9897.80,14.72,14720000.00
2020-09-06,10296.40,10092.20,10337.70,10004.70,12.12,12120000.00
2020-09-07,10376.90,10296.40,10400.90,9887.00,12.40,12400000.00
2020-09-08,10126.60,10376.90,10434.40,9877.10,113.90,113900.00
2020-09-09,10224.60,10126.80,10343.30,9984.60,71.37,71370.00
2020-09-10,10339.70,10224.30,10480.30,10219.20,88.01,88010.00
2020-09-11,10390.20,10339.80,10398.80,10212.60,62.28,62280.00
2020-09-12,10441.90,10390.20,10476.80,10275.90,48.49,48490.00
2020-09-13,10326.00,10441.70,10579.60,10219.40,66.12,66120.00
2020-09-14,10675.30,10332.70,10744.30,10264.50,96.64,96640.00
2020-09-15,10785.30,10675.20,10931.80,10627.80,91.70,91700.00
2020-09-16,10949.50,10785.20,11093.30,10669.20,94.94,94940.00
2020-09-17,10941.30,10950.10,11039.30,10755.20,77.22,77220.00
2020-09-18,10933.00,10941.30,11029.70,10818.70,63.48,63480.00
2020-09-19,11081.80,10933.00,11177.10,10890.70,51.63,51630.00
2020-09-20,10921.50,11081.60,11081.60,10772.70,53.39,53390.00
2020-09-21,10416.80,10919.90,10987.20,10328.50,109.85,109850.00
2020-09-22,10531.50,10419.40,10570.70,10361.70,63.52,63520.00
2020-09-23,10237.30,10531.50,10535.40,10146.60,74.95,74950.00
2020-09-24,10739.40,10238.10,10787.80,10201.00,82.95,82950.00
2020-09-25,10688.80,10739.90,10756.00,10558.90,71.43,71430.00
2020-09-26,10727.90,10688.90,10793.30,10650.20,37.85,37850.00
2020-09-27,10776.20,10727.90,10799.20,10602.70,40.92,40920.00
2020-09-28,10693.20,10776.40,10946.60,10685.20,72.29,72290.00
2020-09-29,10840.90,10694.30,10858.40,10642.40,59.64,59640.00
2020-09-30,10776.10,10843.40,10847.70,10667.60,55.55,55550.00
2020-10-01,10620.50,10776.60,10913.70,10462.70,95.33,95330.00
2020-10-02,10572.30,10619.60,10662.90,10387.60,77.94,77940.00
2020-10-03,10544.20,10572.20,10597.80,10501.20,29.10,29100.00
2020-10-04,10672.90,10544.40,10693.30,10520.80,31.40,31400.00
2020-10-05,10789.50,10672.50,10789.60,10623.40,48.86,48860.00
2020-10-06,10602.60,10790.20,10800.30,10530.80,69.07,69070.00
2020-10-07,10670.90,10601.00,10680.10,10553.30,49.27,49270.00
2020-10-08,10924.10,10670.70,10948.60,10549.60,79.78,79780.00
2020-10-09,11054.20,10923.50,11103.00,10836.90,70.95,70950.00
2020-10-10,11298.40,11053.50,11475.00,11053.10,65.81,65810.00
2020-10-11,11371.00,11295.60,11439.40,11277.60,41.06,41060.00
2020-10-12,11533.90,11370.80,11715.90,11227.40,84.02,84020.00
2020-10-13,11423.80,11533.50,11558.00,11315.90,64.67,64670.00
2020-10-14,11420.40,11424.40,11541.00,11293.50,59.12,59120.00
2020-10-15,11503.00,11421.40,11590.90,11276.70,70.84,70840.00
2020-10-16,11322.00,11503.20,11542.20,11224.60,71.42,71420.00
2020-10-17,11362.10,11321.80,11402.70,11274.40,29.86,29860.00
2020-10-18,11506.90,11362.10,11506.90,11349.80,31.51,31510.00
2020-10-19,11753.40,11507.10,11823.30,11413.90,73.04,73040.00
2020-10-20,11913.50,11753.90,12029.40,11685.70,94.59,94590.00
2020-10-21,12808.70,11913.60,13213.50,11894.60,197.72,197720.00
2020-10-22,12974.60,12805.50,13183.90,12698.20,113.31,113310.00
2020-10-23,12934.10,12972.70,13025.50,12738.90,73.94,73940.00
2020-10-24,13117.20,12933.60,13161.50,12876.40,51.20,51200.00
2020-10-25,13032.20,13117.00,13345.30,12900.40,59.73,59730.00
2020-10-26,13061.60,13033.00,13229.70,12792.40,89.47,89470.00
2020-10-27,13657.80,13061.50,13782.30,13050.30,128.64,128640.00
2020-10-28,13278.90,13658.30,13851.70,12907.60,144.18,144180.00
2020-10-29,13457.20,13278.30,13640.00,12982.90,111.23,111230.00
2020-10-30,13559.90,13457.00,13667.90,13134.50,108.77,108770.00
2020-10-31,13797.30,13560.20,14065.40,13441.70,102.75,102750.00
2020-11-01,13759.40,13795.50,13889.50,13628.70,51.71,51710.00
2020-11-02,13561.40,13759.70,13828.40,13214.20,97.76,97760.00
2020-11-03,14019.90,13560.50,14054.00,13294.60,108.17,108170.00
2020-11-04,14145.60,14023.00,14238.80,13544.40,140.80,140800.00
2020-11-05,15587.10,14145.60,15739.90,14099.70,227.49,227490.00
2020-11-06,15577.90,15593.90,15955.20,15223.50,186.13,186130.00
2020-11-07,14828.40,15578.20,15754.40,14385.10,160.73,160730.00
2020-11-08,15483.70,14826.60,15648.30,14720.70,94.99,94990.00
2020-11-09,15327.20,15483.30,15819.60,14816.90,165.04,165040.00
2020-11-10,15303.60,15328.00,15465.30,15096.50,93.36,93360.00
2020-11-11,15695.80,15303.10,15953.90,15281.00,119.07,119070.00
2020-11-12,16294.70,15695.80,16342.70,15483.50,165.54,165540.00
2020-11-13,16324.20,16293.00,16474.10,15973.40,113.75,113750.00
2020-11-14,16071.00,16323.10,16328.20,15717.70,83.64,83640.00
2020-11-15,15953.00,16074.70,16158.10,15782.30,58.43,58430.00
2020-11-16,16715.80,15954.10,16880.70,15870.70,118.09,118090.00
2020-11-17,17662.30,16715.80,17845.40,16562.00,175.87,175870.00
2020-11-18,17774.60,17662.30,18466.10,17258.90,233.43,233430.00
2020-11-19,17803.50,17775.10,18166.00,17380.10,135.94,135940.00
2020-11-20,18675.20,17805.50,18811.00,17758.40,134.42,134420.00
2020-11-21,18687.20,18673.80,18966.00,18397.50,108.91,108910.00
2020-11-22,18412.90,18689.30,18751.50,17644.60,121.76,121760.00
2020-11-23,18379.60,18428.10,18756.80,18016.00,127.35,127350.00
2020-11-24,19152.60,18394.60,19416.60,18074.80,180.79,180790.00
2020-11-25,18723.00,19151.50,19486.70,18527.70,146.12,146120.00
2020-11-26,17162.00,18721.90,18894.90,16235.20,312.07,312070.00
2020-11-27,17127.10,17160.90,17450.30,16481.60,138.80,138800.00
2020-11-28,17730.70,17142.60,17874.40,16874.40,95.20,95200.00
2020-11-29,18185.50,17729.70,18336.30,17530.40,79.12,79120.00
2020-11-30,19698.10,18186.00,19831.20,18186.00,185.59,185590.00
2020-12-01,18770.70,19697.80,19897.40,18257.00,208.72,208720.00
2020-12-02,19218.80,18767.90,19335.50,18346.70,91.92,91920.00
2020-12-03,19433.30,19219.80,19596.60,18883.70,99.97,99970.00
2020-12-04,18658.10,19431.10,19529.50,18610.80,110.63,110630.00
2020-12-05,19146.50,18657.50,19172.70,18507.10,59.44,59440.00
2020-12-06,19379.90,19146.00,19417.10,18873.00,54.56,54560.00
2020-12-07,19170.70,19368.40,19424.60,18908.80,61.98,61980.00
2020-12-08,18326.60,19170.80,19288.60,18229.20,101.41,101410.00
2020-12-09,18546.00,18322.40,18637.90,17658.80,129.72,129720.00
2020-12-10,18247.20,18546.10,18551.80,17926.80,85.31,85310.00
2020-12-11,18023.60,18250.50,18288.30,17600.10,111.53,111530.00
2020-12-12,18808.90,18026.70,18936.20,18025.10,71.37,71370.00
2020-12-13,19176.80,18808.10,19403.60,18716.80,82.45,82450.00
2020-12-14,19273.80,19176.40,19346.50,19007.00,67.11,67110.00
2020-12-15,19434.90,19273.90,19556.30,19076.20,98.39,98390.00
2020-12-16,21352.20,19434.70,21525.30,19299.70,199.81,199810.00
2020-12-17,22825.40,21352.30,23738.00,21243.10,310.74,310740.00
2020-12-18,23127.90,22823.30,23272.80,22361.50,131.80,131800.00
2020-12-19,23844.00,23127.60,24107.10,22797.00,133.88,133880.00
2020-12-20,23474.90,23843.60,24280.90,23098.90,114.09,114090.00
2020-12-21,22728.50,23474.10,24101.90,22015.50,154.69,154690.00
2020-12-22,23823.20,22730.40,23825.40,22388.60,130.75,130750.00
2020-12-23,23257.90,23820.80,24063.70,22694.70,178.47,178470.00
2020-12-24,23736.50,23253.20,23783.70,22737.30,104.59,104590.00
2020-12-25,24689.60,23728.70,24778.90,23445.30,2.40,2400.00
2020-12-26,26454.40,24714.70,26826.00,24515.10,155.77,155770.00
2020-12-27,26261.30,26460.30,28360.30,25858.20,231.23,231230.00
2020-12-28,27057.80,26259.20,27444.90,26144.30,126.98,126980.00
2020-12-29,27376.00,27065.30,27390.70,25902.80,119.57,119570.00
2020-12-30,28868.70,27374.50,28979.30,27374.50,159.82,159820.00
2020-12-31,28949.40,28866.80,29298.80,28025.00,136.69,136690.00
2021-01-01,29359.90,28951.70,29627.10,28712.40,100.90,100900.00
2021-01-02,32193.30,29359.70,33233.50,29008.00,240.87,240870.00
2021-01-03,32958.90,32192.90,34755.90,32029.60,155.21,155210.00
2021-01-04,32022.60,33016.60,33587.50,28204.50,255.27,255270.00
2021-01-05,33991.50,32015.40,34414.70,30010.50,202.13,202130.00
2021-01-06,36793.20,33999.30,36934.80,33408.30,227.56,227560.00
2021-01-07,39460.20,36798.50,40340.90,36361.20,249.60,249600.00
2021-01-08,40599.30,39466.40,41921.70,36613.40,251.29,251290.00
2021-01-09,40151.90,40607.20,41363.50,38775.10,128.42,128420.00
2021-01-10,38192.20,40149.70,41362.40,35141.60,215.78,215780.00
2021-01-11,35544.30,38195.30,38217.20,30411.60,251.04,251040.00
2021-01-12,34076.10,35426.00,36598.70,32572.70,241.93,241930.00
2021-01-13,37382.20,34061.20,37764.60,32451.90,209.93,209930.00
2021-01-14,39175.70,37383.40,40054.30,36772.10,172.40,172400.00
2021-01-15,36845.80,39175.70,39715.00,34488.70,118.42,118420.00
2021-01-16,36019.50,36751.80,37931.70,35408.40,137.02,137020.00
2021-01-17,35839.60,36020.10,36801.30,33883.50,126.82,126820.00
2021-01-18,36613.20,35838.20,37436.80,34801.00,111.52,111520.00
2021-01-19,36002.90,36630.60,37821.00,36001.40,79.11,79110.00
2021-01-20,35476.30,35862.10,36384.40,33444.50,153.61,153610.00
2021-01-21,30842.10,35472.30,35591.10,30101.80,253.27,253270.00
2021-01-22,33000.50,30838.70,33821.20,28871.20,243.09,243090.00
2021-01-23,32088.90,32994.10,33441.40,31418.20,100.70,100700.00
2021-01-24,32241.30,32088.50,33034.80,30982.90,88.21,88210.00
2021-01-25,32252.30,32244.30,34854.30,31967.40,142.43,142430.00
2021-01-26,32502.10,32244.10,32917.70,30850.00,139.84,139840.00
2021-01-27,30404.00,32499.60,32545.40,29290.40,194.35,194350.00
2021-01-28,33374.80,30408.90,33790.80,29911.90,167.39,167390.00
2021-01-29,34301.80,33381.70,38546.00,31953.30,297.73,297730.00
2021-01-30,34283.10,34300.00,34920.90,32908.50,128.57,128570.00
2021-01-31,33108.10,34281.60,34348.30,32189.90,101.92,101920.00
2021-02-01,33515.70,33106.80,34685.60,32324.90,126.32,126320.00
2021-02-02,35485.20,33514.00,35976.10,33462.40,120.85,120850.00
2021-02-03,37646.80,35486.90,37646.80,35401.50,131.03,131030.00
2021-02-04,36982.10,37648.90,38707.90,36380.80,151.44,151440.00
2021-02-05,38297.60,36976.40,38303.60,36640.00,100.60,100600.00
2021-02-06,39256.60,38300.60,40939.70,38275.30,156.02,156020.00
2021-02-07,38852.90,39228.90,39691.70,37381.60,125.37,125370.00
2021-02-08,46395.70,38853.60,46596.40,38057.00,248.47,248470.00
2021-02-09,46508.60,46396.40,48143.50,45104.70,193.87,193870.00
2021-02-10,44836.00,46507.80,47295.30,43800.50,151.83,151830.00
2021-02-11,47990.70,44834.80,48622.10,44041.10,145.77,145770.00
2021-02-12,47371.70,47995.00,48927.40,46218.60,133.73,133730.00
2021-02-13,47168.70,47373.10,48097.30,46270.50,89.42,89420.00
2021-02-14,48643.40,47172.10,49695.10,47051.90,106.50,106500.00
2021-02-15,47936.30,48611.10,48936.50,45786.10,123.18,123180.00
2021-02-16,49169.70,47934.20,50515.80,47044.40,141.37,141370.00
2021-02-17,52079.20,49161.30,52577.70,49018.10,140.03,140030.00
2021-02-18,51582.20,52094.50,52524.00,50941.60,94.35,94350.00
2021-02-19,55906.60,51590.10,56238.50,50816.80,139.43,139430.00
2021-02-20,55923.70,55922.00,57523.80,54124.10,127.85,127850.00
2021-02-21,57433.80,55907.60,58335.10,55502.70,87.26,87260.00
2021-02-22,54111.80,57437.60,57480.80,48353.80,244.95,244950.00
2021-02-23,48911.20,54114.10,54115.00,45093.80,315.07,315070.00
2021-02-24,49697.50,48911.10,51311.80,47031.70,153.75,153750.00
2021-02-25,46928.50,49695.90,52013.80,46773.70,83.22,83220.00
2021-02-26,46345.60,46928.50,48413.90,44248.20,189.41,189410.00
2021-02-27,46136.70,46333.10,48335.10,45059.40,98.75,98750.00
2021-02-28,45164.00,46136.00,46582.00,43100.60,135.08,135080.00
2021-03-01,49595.50,45160.50,49774.00,45008.80,137.52,137520.00
2021-03-02,48424.20,49595.60,50191.90,47100.60,102.10,102100.00
2021-03-03,50395.10,48422.20,52567.90,48159.20,44.93,44930.00
2021-03-04,48428.00,50388.00,51757.70,47521.80,9.56,9560.00
2021-03-05,48792.50,48363.60,49429.40,46370.10,113.64,113640.00
2021-03-06,48855.60,48798.70,49191.80,47132.80,66.66,66660.00
2021-03-07,50982.30,48899.00,51434.10,48890.60,82.91,82910.00
2021-03-08,52311.00,50988.90,52384.90,49338.10,68.14,68140.00
2021-03-09,54879.00,52352.40,54880.60,51941.30,114.06,114060.00
2021-03-10,55851.90,54882.70,57328.70,53073.60,140.96,140960.00
2021-03-11,57799.50,55851.20,58135.00,54351.80,129.63,129630.00
2021-03-12,57265.10,57806.20,58052.30,55134.50,116.96,116960.00
2021-03-13,61195.30,57267.40,61795.80,56118.80,134.64,134640.00
2021-03-14,59113.70,61192.70,61673.70,59113.70,80.29,80290.00
2021-03-15,55791.30,59117.40,60565.90,55088.80,117.71,117710.00
2021-03-16,56889.70,55619.50,56889.70,53342.60,128.51,128510.00
2021-03-17,58913.50,56892.90,58933.20,54253.20,118.26,118260.00
2021-03-18,57656.00,58911.80,60088.00,57099.60,102.62,102620.00
2021-03-19,58088.00,57645.00,59448.30,56305.10,83.98,83980.00
2021-03-20,58093.40,58084.10,59882.10,57863.00,67.83,67830.00
2021-03-21,57383.80,58097.40,58583.80,55583.30,77.47,77470.00
2021-03-22,54158.30,57379.30,58379.90,53784.20,95.53,95530.00
2021-03-23,54452.50,54117.50,55813.80,52992.30,84.84,84840.00
2021-03-24,52325.40,54309.10,57169.40,51725.40,137.91,137910.00
2021-03-25,51322.30,52330.00,53175.40,50441.30,143.35,143350.00
2021-03-26,55036.10,51317.40,55074.10,51302.00,100.30,100300.00
2021-03-27,55862.90,55033.80,56531.10,54010.20,73.87,73870.00
2021-03-28,55765.20,55856.90,56504.20,54711.30,58.71,58710.00
2021-03-29,57616.20,55764.70,58392.60,54951.10,107.91,107910.00
2021-03-30,58771.30,57614.60,59366.90,57077.10,86.21,86210.00
2021-03-31,58763.70,58771.40,59795.60,56991.60,98.06,98060.00
2021-04-01,58718.30,58763.20,59406.50,58040.70,69.04,69040.00
2021-04-02,58977.30,58718.20,60134.90,58466.50,72.37,72370.00
2021-04-03,57059.90,58976.80,59770.50,56906.70,68.74,68740.00
2021-04-04,58199.90,57059.70,58464.80,56470.60,57.21,57210.00
2021-04-05,58993.40,58202.30,59205.10,56842.70,54.13,54130.00
2021-04-06,57996.30,59169.00,59487.00,57403.30,77.15,77150.00
2021-04-07,55948.70,57996.30,58627.70,55489.30,110.69,110690.00
2021-04-08,58077.40,55948.00,58136.70,55721.60,64.78,64780.00
2021-04-09,58118.70,58076.80,58890.90,57686.00,59.22,59220.00
2021-04-10,59748.40,58127.40,61229.00,57900.00,103.72,103720.00
2021-04-11,59978.70,59772.40,60667.10,59250.30,58.20,58200.00
2021-04-12,59863.80,59982.10,61259.90,59569.20,81.88,81880.00
2021-04-13,63540.90,59863.60,63659.00,59839.40,126.56,126560.00
2021-04-14,62980.40,63544.20,64778.00,61366.30,130.43,130430.00
2021-04-15,63216.00,62978.60,63729.10,62067.50,76.97,76970.00
2021-04-16,61379.70,63211.60,63518.50,60027.30,136.85,136850.00
2021-04-17,60041.90,61358.30,62509.10,59672.10,84.08,84080.00
2021-04-18,56207.10,60043.20,60362.10,51817.60,216.81,216810.00
2021-04-19,55646.10,56208.10,57517.00,54272.30,117.51,117510.00
2021-04-20,56483.20,55645.10,57054.90,53422.50,115.49,115490.00
2021-04-21,53820.20,56479.50,56764.40,53657.60,100.26,100260.00
2021-04-22,51729.50,53821.30,55408.40,50590.90,168.13,168130.00
2021-04-23,51143.60,51707.10,52099.90,47659.40,214.46,214460.00
2021-04-24,50088.90,51140.80,51183.00,48775.20,82.25,82250.00
2021-04-25,48963.60,50088.20,50532.40,47098.50,59.20,59200.00
2021-04-26,54020.50,48963.50,54320.90,48815.90,129.76,129760.00
2021-04-27,55036.50,54011.10,55427.80,53345.00,84.08,84080.00
2021-04-28,54841.40,55036.00,56419.90,53876.40,86.96,86960.00
2021-04-29,53560.80,54838.60,55173.70,52400.00,83.90,83900.00
2021-04-30,57720.30,53562.30,57925.60,53088.70,103.74,103740.00
2021-05-01,57807.10,57719.10,58449.40,57029.50,63.41,63410.00
2021-05-02,56603.80,57807.20,57868.40,56110.50,53.61,53610.00
2021-05-03,57169.80,56605.80,58925.10,56562.40,89.24,89240.00
2021-05-04,53741.50,57170.60,57201.30,53741.50,132.33,132330.00
2021-05-05,57441.30,53872.50,57936.40,53872.50,119.82,119820.00
2021-05-06,56405.40,57441.00,58364.90,55294.50,109.02,109020.00
2021-05-07,57337.20,56411.40,58639.30,55300.10,110.01,110010.00
